"Origin_Imagefilepath","Transformed_Imagefilepath","Prediction","Ground Truth"
"media/images/c5ee327297086037431c.png","media/images/fc3d9571e7fde0fff2a4.png","sz2","slz2"
"media/images/59abefd35417918fdde1.png","media/images/fef1f0523899814510e5.png","cw4ji","c74ji"
"media/images/b238b958655b94c685c7.png","media/images/0160fed815c50771b397.png","xn3fd","xh9fd"
"media/images/15eff6ad38f47c48cf30.png","media/images/a2afcbe76318941c7e11.png","w6yu","w6yv"
"media/images/306bdaceadd260707ece.png","media/images/b7e6568808576f373312.png","y7wwn2","yzwwn2"
"media/images/1a0b9294f03a24754928.png","media/images/42532c8725f1e724bd18.png","u7uim","n7uim"
"media/images/5f750207def20f057e74.png","media/images/390a58ad09a53b3f8b9c.png","ygxume","yg0ume"
"media/images/05cd65d187076da015f4.png","media/images/7c06e0badbc5f9662e38.png","87cn","07cn"
"media/images/2f8af375c3696ae63c36.png","media/images/5bc990c6aaab9499bb99.png","6x1mcg","6xxmcg"
"media/images/e4a0b696474759d240c5.png","media/images/7c0f3df96769a71604db.png","784p13","784pd3"
"media/images/81bc7f586d711d56a1f3.png","media/images/d2861e0006b0cf44a43d.png","3xi40","3ai40"
"media/images/d75fb7a259ab2dd2fb4a.png","media/images/762fce9c491bff3f15e9.png","u8ev","u8nv"
"media/images/c8c6a3e048336b3cf640.png","media/images/7f997e0ae701a8b9d523.png","dlw6q","dlw6qm"
"media/images/ad6714d6ad942b54abb9.png","media/images/32fee605568bae7fb2c4.png","3s07","cs07"
"media/images/f652c2dc729a9745a621.png","media/images/698e7554b446040779e5.png","wgqmo7","8gqtu7"
"media/images/10a605a52dc30c1bebd5.png","media/images/5ce4bf687f9aeb8b7ce5.png","wf42","df42"
"media/images/c09119c59b52ff817a82.png","media/images/80b82d2b542b4b105900.png","olgzml","olqzmy"
"media/images/da4d012855481389522a.png","media/images/da685328334210242628.png","5xxfx","5xxfe"
"media/images/e76030e6d1a28ef6a11f.png","media/images/7b8c69d95c11329a7070.png","62sq","62sg"
"media/images/c2372dd13e9acc264500.png","media/images/52e6ebca419b506fcbef.png","5d23d","5de8d0"
"media/images/0597dfb6942312d8d0b2.png","media/images/c4bbc7f4f07e9926398c.png","rpab","gp8b"
"media/images/6cea6cd974d34baa2b1b.png","media/images/f327867df22029105321.png","zpil","zpij"
"media/images/afd2f8cd0ea84c8c8478.png","media/images/d95a7a810788720b6e5f.png","azrqw","azrqm"
"media/images/44ebbf83a805a9564121.png","media/images/cca8115c0bdfa86c5435.png","fjvre","fivre"
"media/images/6d11b9fc06e9ebb7d85a.png","media/images/fb197f869661491d44c0.png","9iivr","9jlvr"
"media/images/55d2352b84cb082cc48f.png","media/images/d947bfb6fbafe80d2c9e.png","ha19","jaj9"
"media/images/381d0876345f750ef7c6.png","media/images/ace2e09282d2fa1f638d.png","m68ty","m66ty"
"media/images/5bc2e6c6868b9cdcf86a.png","media/images/739c97438de027ac114a.png","37na","3jna"
"media/images/87d9272cbf54bb67a559.png","media/images/b44cb6822e91a4fffbd4.png","dcp3","dcps"
"media/images/4cc34088f8c2cf683913.png","media/images/bdac3aa2e66dbb76b2f0.png","dr5l","dr5ll"
"media/images/0fce3f1fe4cd489f9b20.png","media/images/8bbe7dde3a3105c040d4.png","xml6mi","aml6mi"
"media/images/7bb0022d6ed8d31cd29e.png","media/images/7f3d25258b90f821bcc9.png","5hpq","5hpqe"
"media/images/93f684e3350220abf617.png","media/images/720ebf6faef85101d6f7.png","akzj","akzh"
"media/images/c5ffe15e2620b9295b3c.png","media/images/e20b2cecbe60f6633ac1.png","gk5wdt","gk5pdt"
"media/images/d29bcfbe1e844157b57c.png","media/images/c68f52ca13a5dbb66eba.png","r0vz1","70vz1"
"media/images/d611ac8edde728eb44b9.png","media/images/c3a3ac57444267a9d3c4.png","49m","49mn"
"media/images/b949f601971335e932df.png","media/images/f6bb738f87407052ad87.png","amju","amjn"
"media/images/6e3001940219fc2364c7.png","media/images/d87dd80b97779e937a79.png","lnn5","inn5"
"media/images/b232111c4f96820f5a3b.png","media/images/258e80263317d5c6e368.png","bh96dx","hh96dx"
"media/images/d6ec87958030a413e1b1.png","media/images/bd1255db68b0c352af92.png","8ligj","8jigj"
"media/images/0efcbb5f55c3fdd04555.png","media/images/68899dbfe2a2202da1d4.png","dmig29","d6ig29"
"media/images/4fe0ca448a7b59396661.png","media/images/324a10bf30e1121b306b.png","dlpwn","dloen"
"media/images/e3b4e659fc49c159f7e9.png","media/images/ad7a791959d43416bfec.png","haku4c","hakg4c"
"media/images/ffcdca14b995734ff93a.png","media/images/0dbcbd91c0b37c6a7bad.png","e6d33","e6ds3"
"media/images/07e48e1fcf87e36ddf60.png","media/images/c1f26ec18d6393d0416e.png","sut7zh","sut7zn"
"media/images/b41e590adf2a8e32cf43.png","media/images/c6bfefce4a609299564e.png","4ov3","4ov3u"
"media/images/b6b52247e11907ac7e8c.png","media/images/6492c771d0b570d73032.png","aupge","uupge"
"media/images/bafd4f1ecc21d7319442.png","media/images/009955bf1308dd25a186.png","0hh3g","0bh3g"
"media/images/ccd79268d46ea7ba65d7.png","media/images/c446adfb5ba7c1800651.png","vnpdlw","ynpdlw"
"media/images/1d203ab1d0f11898dc06.png","media/images/e7f7ed3670fe7abb424f.png","jzyg","izyg"
"media/images/eb005bebc0cc5d62ccfc.png","media/images/585f2a27b4ed1575347d.png","0c25i","0c29i"
"media/images/7a7f7cafda9d5a2d805e.png","media/images/b9d964dc077cbfac895c.png","9wltt","9wlttp"
"media/images/afc57e39b6f765040b64.png","media/images/5529250af2b8a8d66836.png","bhc994","bnc994"
"media/images/4dc8a3b250c874914ef1.png","media/images/d60b67b0f88896aadc4d.png","67vb","67vb4"
"media/images/a1f3d97f60ce722ddaf6.png","media/images/c61f3966e0a451a35d6f.png","yaas9","7aas9"
"media/images/1fd82fdd3c32903129c5.png","media/images/af3c2d81d3d624605e51.png","wpmgb","womgb"
"media/images/b0cd1de54f6df1eaf5a8.png","media/images/622321b19b7a23853194.png","pmgf","pmpf"
"media/images/8f04fd9fdf9f9d067a3c.png","media/images/a3d554d12dce3a3b56bf.png","nmfd6","nmft6"
"media/images/25355c21b40b53359221.png","media/images/cda6862135f9ae9e01be.png","v1e9pp","vje9pp"
"media/images/990da0aa69a261289a7d.png","media/images/76aebfbac78227bb9f42.png","98xl","9pxl"
"media/images/58fb2d49b53e11a3695d.png","media/images/2a4a4b8aeb14e9864e9c.png","l9vxnj","i9wxnj"
"media/images/f3d279a39f7a4feeb5af.png","media/images/d223544b3e82d24a5c2d.png","33jx","u3jx"
"media/images/841bc084841cb8883540.png","media/images/3e6b7d43356888fb7c96.png","1w6r","1m6re"
"media/images/3235645df7f5a066f9d7.png","media/images/2b381bca5337851d7c78.png","8yrjgq","8yrjg6"
"media/images/db6a85dd804f29fbfc4c.png","media/images/734a99f70be91b565317.png","3wwa","3w7na"
"media/images/e290787e2a004985b3c3.png","media/images/810b70a97256b6f95f93.png","e5wb","a5wb"
"media/images/746dad507b8b461d7194.png","media/images/b85a62581fed989eb4ce.png","b7at","bo9t"
"media/images/055df0b800946564cea4.png","media/images/ed976bc4ab0e92ebaf15.png","3ixdv6","3zxdv6"
"media/images/98f59e2822ca3f7c49f4.png","media/images/cb4c4630dea32fffa54a.png","h7aon","h7abn"
"media/images/54b1e4b7eb38ca000b02.png","media/images/96834f92a789af56ccb8.png","25n6v","25n8cv"
"media/images/fc3547c5bdc73f8a148f.png","media/images/9b4e6a59af75c2ac3990.png","bqil","bqii"
"media/images/ac38b57b2a493d653e88.png","media/images/5d45bf3413c853859e38.png","ly6a","fy6a"
"media/images/0f017854ad7ca3503965.png","media/images/06d4b4c81e64fe2f843c.png","x4ews0","x4ems0"
"media/images/2885132313df4c6ba32a.png","media/images/b574aa70379d5c3c9f00.png","5vnl","5snl"
"media/images/096ec82643a99fdb6f19.png","media/images/18e2bea90fa654034b3a.png","fwzlc","fw24c"
"media/images/f41bab7bb707be0f4ad3.png","media/images/4d1c5a0ae8375cba2fda.png","1awf7","1awf2"
"media/images/170422dcd59544d51c41.png","media/images/2f21b5d8ddf8bf0afc70.png","ij2m","ij52m"
"media/images/7751af40110fff77fdc1.png","media/images/186bea03c0fbe10dba85.png","lnwy","ltnwy"
"media/images/9beefbf8f14acfb47d25.png","media/images/faba74d1630917cbad74.png","umawq7","umswq7"
"media/images/fdb7264e80ced46ed805.png","media/images/71b8c24301487922d69e.png","iw7x5","iw7x5j"
"media/images/5e0dcdd292774243f9a4.png","media/images/836df0e3f08822a0a97c.png","ylbhn","ylbtn"
"media/images/4c2b0fc08bbd2587fa2c.png","media/images/e7381383f9636cee302c.png","wx7a60","5x7a60"
"media/images/4430aac2c2065e018edd.png","media/images/3ac7829831b646dce10b.png","eluyz","cluyz"
"media/images/66b55d47ce466bd92fec.png","media/images/32d87492c73c22999755.png","qqihaa","qqibaa"
"media/images/cf5036445edae4914170.png","media/images/9e4cfb916de7fb2bd70d.png","3gjjp","3gjip"
"media/images/04458fd16f5ef4e495d1.png","media/images/6df546f2e8b7a7a48cc0.png","ili5v","ilc5v"
"media/images/6b7b4b39154a6878c034.png","media/images/77fd64d6fe1bcf721f51.png","aokr","aokru"
"media/images/67ae8ef8abe96ab00801.png","media/images/eb50bb84658459624ad3.png","4dt","4dtr"
"media/images/f5bba95672dce283a0ea.png","media/images/dc286db510eec9e3bdbf.png","n43o0l","n43o0i"
"media/images/dbbb818e0900bc2435b5.png","media/images/c86a34da90a6dc7ae317.png","87np","87kp"
"media/images/b65d22c713a6726c6543.png","media/images/39df4588840809f2bd02.png","p4od","p46d"
"media/images/6769d56e8e313939c23c.png","media/images/312f35d6687a5fff78e1.png","wgzjjx","wgzjix"
"media/images/cf129291501341ee1ada.png","media/images/a9d537dbf2c78dd60b3e.png","gr7d2","gr7dl2"
"media/images/d4e73b36e68279f5a49a.png","media/images/baecf4a134470b878c58.png","qv8sg","qv0sg"
"media/images/f9bfd5d0e8404d1c60b2.png","media/images/85c5435ea52deac8bde2.png","dlht","alht"
"media/images/ccc74c6ed124ff5a695b.png","media/images/1c52568ca4f52edfe8b2.png","xo4u","xogu"
"media/images/75c40db373eeb1235d25.png","media/images/29fde57f8f2a196a4f89.png","xhnvi","xgnvi"
"media/images/d4a6afb1cbc0d783b52e.png","media/images/b03f35285cef3d24aa5c.png","i6eoa","16eoa"
"media/images/a0d145aceae2dfe962d8.png","media/images/0c04396f99f87c8ba856.png","2yb6","2tb6"
"media/images/af00339ad11e6c155543.png","media/images/96e478361c88a1452a92.png","jejf","jebvf"
"media/images/4048c08653abf4cafa9c.png","media/images/4e1ff19e1f45654249b6.png","dlfp9","dlfp2"
"media/images/3a04c1e9bc2fc398f4e4.png","media/images/a101878e088d2e1b6e92.png","wg7v","ng7v"
"media/images/3a7875348ffa2b997902.png","media/images/67db851474f09a8f2c29.png","wlr59","wlr59t"
"media/images/eb45084d43fd81b9c1b6.png","media/images/b9e0d4ed772c0d0dd9da.png","sp5wy","so5vy"
"media/images/6c6e514b0d7caf74649e.png","media/images/f11c32f67bc553848e46.png","few6","fez6"
"media/images/399fb6f7df2c7ef5fa06.png","media/images/c7a9a01734adca18d424.png","wi1k","wt1k"
"media/images/8fdd0997206647493108.png","media/images/2d58fd94f4f9e4388b9c.png","8yi6","2yi6"
"media/images/c09c2706ccbbd280cd40.png","media/images/48d60c6dfa4bda32da9b.png","t9gufx","t9gzfx"
"media/images/6c5e96bbef375fb24dd6.png","media/images/da059d035d350fb1c0a2.png","9o8p3","9o8paz"
"media/images/6a63d15a2b270a961697.png","media/images/ed29a7950a4ce086dc69.png","c7696","c769i6"
"media/images/98f1555ba2d029cc9df1.png","media/images/19ea57ddc378e8a8f2a6.png","gaoj","gaaoj"
"media/images/64ca737a552ed4879293.png","media/images/a299f83d0f2133149fef.png","9yl9zu","9y9zu"
"media/images/1005e59c432d21543354.png","media/images/40e5eea18dcc4a8ab716.png","cnh92l","cnb92l"
"media/images/866a7b9743d0414873b2.png","media/images/be9464ae79f1a3253287.png","py23","py2t"
"media/images/b943707d893086abfb57.png","media/images/94a213887bae70cfa7b7.png","2kax0h","2kaa0h"
"media/images/55765a0991fc61d20f1a.png","media/images/810928e5fe3bcab5148f.png","2lpwu","2jpwu"
"media/images/fde302a114c3c0fbac20.png","media/images/e1bb2873e04845a0973a.png","kbca4w","kbcd4w"
"media/images/cfc94b55f8abd38762de.png","media/images/37ce67918da6efe4ef0d.png","w3zx","p3zx"
"media/images/68cbe95c68d5e0ba66aa.png","media/images/0fe081aa1dba169415ef.png","lxxo","lxko"
"media/images/6e5be24d6f3d9dc9d60e.png","media/images/21eb54e80c0260f61cff.png","rjd4","tjd4"
"media/images/1b0a53653351e4571ee6.png","media/images/6c8aea11c7cdca76a2fd.png","ikfup0","ikf4p0"
"media/images/f91ed429008420c7185c.png","media/images/e52a5fca893df096caae.png","ubbrku","ubbrkw"
"media/images/7022c015c8495ab293f3.png","media/images/a927eeb9bfd908d47cf8.png","t7xnxl","t7xpxl"
"media/images/2eef387e552f968d338b.png","media/images/b08f9c1c4a1c46c2b879.png","20ik3","22lk3"
"media/images/f0d7e74e74391a1461f0.png","media/images/e77a5b24bee71c20f88e.png","lyis","iyis"
"media/images/c88dc178e52fccde63b3.png","media/images/6e773e32289281a3eabc.png","3zc","3zca"
"media/images/1815f71799c0e4b34495.png","media/images/ed555dc852ab7a1ad3e2.png","somu","semu"
"media/images/e65cbac81056e8183f78.png","media/images/3ba6dd3e26ab9e8c4ff6.png","xkyoc","xkyoce"
"media/images/bc72d4e93b1a4779c1e3.png","media/images/318713bcc640b0ce1e21.png","0dwqzl","0xwqzl"
"media/images/820dc5a1f09d438abc8c.png","media/images/56d2930533758f0a25b1.png","b4sheg","b4shcg"
"media/images/975c4a3ac201f13a28a2.png","media/images/56821341f37f1d57a96e.png","hylmk8","hyrmk8"
"media/images/dd91276e63249856166b.png","media/images/56f411724c287380a8cb.png","zlrjhf","zlrjbf"
"media/images/d5d3287a92ef8a86cae1.png","media/images/64d7e8e42420bf8caf8c.png","yzjv10","yzjd10"
"media/images/0f18cccf667a5a86347c.png","media/images/6c1d5c727c9186bdd69d.png","v1ywf","vdywf"
"media/images/ecb13886070ad608f1ed.png","media/images/46607331c83745a62f22.png","liac3","lioac3"
"media/images/c11a82ec5b1aeddc7aa2.png","media/images/8155bcd1a49a075e0777.png","a5rt0x","a5tt0x"
"media/images/705e09e0e7ad5444bf98.png","media/images/e984388e9704c0c32c52.png","i3tuf9","l3tuf9"
"media/images/bb027385edbf5fcabbf2.png","media/images/84f6e19dc62a3e24d4f3.png","09asv","098sp"
"media/images/0a611abece3acea41691.png","media/images/69d625eaa49d1673c4c9.png","bd8","bbd8"
"media/images/2aea3ad6907d861b97c9.png","media/images/9bd9e249488485e31076.png","rbbaq","rbbag"
"media/images/fc82ffab73bc699128ad.png","media/images/fc5e735947a53835a173.png","ttqnl","ttqn"
"media/images/dae315eae91fae1ed842.png","media/images/bdce87c397c5b966120f.png","xd78","xd28"
"media/images/734979573a3745539b7d.png","media/images/c0b189ce5b73e33fa001.png","v6jwc","v6jmc"
"media/images/f7b9c5bc4ac21ba3656e.png","media/images/da529d4b893d86685389.png","ek950","ek550"
"media/images/3a8678eb4d74058e588a.png","media/images/2f3aad14d07688b84406.png","x5eny","x5ehy"
"media/images/d1401e8db0f503709ead.png","media/images/023e7b98c3bddd94daa4.png","e91u4o","e98u4o"
"media/images/3c869a91efe1c4e311a8.png","media/images/fe9615cfc5c8641e61a8.png","5yd0","5ydn"
"media/images/990145b4a649e78594ce.png","media/images/9b4c8b70bb2d06461f04.png","9r0yu","5r0yu"
"media/images/6c5f6c44a60290505fbd.png","media/images/4745a7feed1e44a520b3.png","q24kev","r24kev"
"media/images/a244e052d6fd4ac19a2b.png","media/images/e8dc3c0114bfe15f9430.png","mrg269","mtg269"
"media/images/fcca5c79fe6352809ddd.png","media/images/6b73599930fef2f69a4e.png","jua3","jua0"
"media/images/41eca324f53c4d963013.png","media/images/8675bbaad81624f2becb.png","l76i","i75i"
"media/images/039bc7a6e7dcb12ab101.png","media/images/f06eb633e70f5024021f.png","7pjz13","7pjz15"
"media/images/210efbbb2de84fee8644.png","media/images/c73a904ecbb842dc15fe.png","g5mml2","g5mm72"
"media/images/761dbb825c6ba7647b23.png","media/images/113881037f675d5ac658.png","pcln","pclh"
"media/images/72615035d7af3b9898d3.png","media/images/2e3d1a3bf28d48c9fa01.png","w9k2","m9k2n"
"media/images/567dba5918cc62e9614a.png","media/images/a8977019f3336ca9ac2d.png","ohcnd","ohcpd"
"media/images/466a9843e14a9e423e1a.png","media/images/931b2e91d484c99d6b40.png","a6ewp","a6e5p"
"media/images/d36bb0b83c6e6088c26f.png","media/images/86c0c969ad0847a05d26.png","j56xpj","j56xoj"
"media/images/d2327f1f1bde0700fac2.png","media/images/155ab5c79739fbedf48e.png","aenlii","a0plii"
"media/images/8de83c1011a40e1dc0a2.png","media/images/8f6e73e5211f444ad7eb.png","w5nlf","w5njf"
"media/images/8849c83f64eedb5694ae.png","media/images/3136618fb3c57684148a.png","lgs1j7","lgs127"
"media/images/4002be0bc57cf1713ba6.png","media/images/880d066add225232a524.png","3fft","3imt"
"media/images/88a05ab75cdb0ce00d5a.png","media/images/c562c9b0150fc6a1d87a.png","0107b","0107bt"
"media/images/ce0f7e8458ba7b131227.png","media/images/0368d6d7af4552e9f7ec.png","89uhnl","p93nnl"
"media/images/c6121f9e1480fcac2988.png","media/images/40f9160fce260c980987.png","ltp1b6","ltpfb6"
"media/images/69049b73094f9daf8e50.png","media/images/e3ebcf4cf24581916e7c.png","brizlm","brislm"
"media/images/0c54951f70fd323d5038.png","media/images/33ea4fd2ac3469810069.png","i0akkc","i0aqkc"
"media/images/8c3402dd785a0c3604ec.png","media/images/6b441cf1b2ad95c6c0e8.png","j2bhs","j2bns"
"media/images/154e70ff172193fbe9f1.png","media/images/99f9b98a0c6a22e680aa.png","b6ubj","o6ubj"
"media/images/f8db89c212aba68ed702.png","media/images/01b07c7014705096bd2f.png","ejp1uc","ejptuc"
"media/images/9068ba1c2c6ec8951724.png","media/images/b6abfc9a94073eef0c1e.png","kvnod9","kvnot9"
"media/images/33226070f4655e34b0c7.png","media/images/35830e9671b8fda32d7e.png","hguc","hg3c"
"media/images/b7fb3e10144883ec4003.png","media/images/c248c0959a3024c63e8f.png","vrub","vkub"
"media/images/c43b6e1105043cf80a91.png","media/images/1c93d7d368d6de78165e.png","9sfqm","6sfqm"
"media/images/5094951b84f8b7f1691c.png","media/images/f6d0d9855d227db0de79.png","a7cirl","a7cjrl"
"media/images/cb5f83aeeb043de50f70.png","media/images/045884c10b7fdec8e35c.png","q7k8","qgk8"
"media/images/4817ff9a4c3622ed8f24.png","media/images/f95edb598b505a4ac43b.png","pir2","pi52"
"media/images/7970e635eacd0b01e5dc.png","media/images/eeadf4249fa9288ce0df.png","669e6","669e6r"
"media/images/6bb07086ecbc5deeb8ff.png","media/images/64742d9b08eaa7ddb5a1.png","56l9","56f9"
"media/images/f251fc2187e9b6e6a064.png","media/images/a04602f65de33f63716b.png","hy5nmq","ry5nmq"
"media/images/3d0a92284103c0d5a158.png","media/images/f1d7979b43173a824d06.png","qsg7q","gsg7rq"
"media/images/b6cf343d4b0d6b723b13.png","media/images/c1923fc927f2119f8814.png","fs324","f5324"
"media/images/0bf26eeab1c42966a0a2.png","media/images/428869fe7d0695253ed1.png","lvjab6","jvjab6"
"media/images/f27fc82b32537af83ef9.png","media/images/de3e5dd254f201231cfb.png","yjiia","yjiiac"
"media/images/45c4aaeeca232fbf48c6.png","media/images/2f0680722175f34d9b42.png","9011mm","9011wm"
"media/images/9eb6ce4c788dfba47798.png","media/images/72f6758ab986b2d6a82b.png","493r0","49360"
"media/images/183dfb9fed9d115c0be9.png","media/images/167d8fefe3f8de10bab3.png","7189","7189y"
"media/images/b478dfeaab8b44f6d84d.png","media/images/a0dad9994eb8fd5e013d.png","gdvh","gzvh"
"media/images/8e391e82d30691193f64.png","media/images/b573c7ed013be2933a60.png","mywysy","myhysy"
"media/images/ff0ed9bee88321dda932.png","media/images/1c2b7b42ec4f04db0854.png","hcu0x","hcu0x6"
"media/images/2a4e8dc46880330c4123.png","media/images/eeb4a416bc351b6162a6.png","mqit","mgit"
"media/images/1f0a524a119879f41ed3.png","media/images/f21ac7e74749eef08a0c.png","ay8dms","aygdms"
"media/images/c83ba2e90f4ee590dbc5.png","media/images/35947f8e8da439aaab2f.png","plge","p9ge"
"media/images/028b0530655f51647453.png","media/images/b42be945a8519c427c57.png","b06","b069"
"media/images/e04586866a802e7f49f6.png","media/images/be0557b32a70e05d3248.png","kw0doq","kw8d8q"
"media/images/31ed3c39b9840fd50deb.png","media/images/eef17448d420d09becb4.png","tya8","t7a8"
"media/images/f058bf38c89673c66d97.png","media/images/4f874a5f9de8bfed816b.png","iblgu","tblgu0"
"media/images/ee0de7d37c970b6018ce.png","media/images/6dc4044f6a0927dfb508.png","8dnwc","8dnw"
"media/images/2552eecfcf108bf5f187.png","media/images/c089f1b23c2590b1bbf0.png","klik","kliqk"
"media/images/b19fa27f13110b20aaf7.png","media/images/f381fadea19f6ad20526.png","qwdblc","qwdhrc"
"media/images/7980153a700e7598288b.png","media/images/50aa98250072b623c096.png","36xeb","36xfb"
"media/images/d4c2d859507bc290c8c6.png","media/images/c55440374dfa959d1231.png","ezi7","e2i7"
"media/images/cb215a2fc7aff5b81cbc.png","media/images/c292a1cfae4c1c3473f5.png","r3tq","r3t9"
"media/images/635a643e1ca551ade57e.png","media/images/2111dcf7df9d42c7b2f1.png","rolnz","rornz"
"media/images/7471cdaf7d743d3d4e6b.png","media/images/477b2371370c2af440da.png","kx1px","kx2px"
"media/images/ec9f1a7a0d2eba5b3c69.png","media/images/f26a14cc5f384a7f8201.png","4tvr","4trvr"
"media/images/6bee6a74518e1981adb6.png","media/images/1af2353e34d0551aa087.png","licn","llicn"
"media/images/dbd41077ea211137aec8.png","media/images/f143c636fab1cd991ac2.png","l53wt0","i53wt0"
"media/images/ef3cc01a77772a9ca8d3.png","media/images/6648a695c46e2670a3f2.png","ubugj","ubugjc"
"media/images/6acac859651d289b4e05.png","media/images/937817e5855aac0010bb.png","4zu8l","4zu8"
"media/images/3468f961b096993c0534.png","media/images/9d20822cb21add223bf6.png","cjc612","cjc6l2"
"media/images/2f03bac98b10b6b31f9c.png","media/images/382ceeaedce1dd7c340b.png","ctdn","gtdn"
"media/images/e364f161100dbf392e3f.png","media/images/2580262064e8210a293e.png","dbsj","db6p"
"media/images/e13afe7537527cbd8e51.png","media/images/d4808112e505738cca0e.png","76lzys","7clzys"
"media/images/5764c28e01de3fca7e9d.png","media/images/13faff33da3df5af205c.png","aqwam7","aowam7"
"media/images/e0b269b7f837217cd3fc.png","media/images/e5ff24163e1dca7038a5.png","6982qq","6982qo"
"media/images/a849a9cc0b0b94e1c7f4.png","media/images/fc6012c4384626d0fcd2.png","js4l","is4l"
"media/images/796f96541732efa20868.png","media/images/044d4569e3d1447d03f7.png","wqx21","oqx21"
"media/images/e9e8491dba499b83b3c8.png","media/images/684fdf3886e829223f14.png","knjsl1","6njsl1"
"media/images/4b89ed36e349531448fc.png","media/images/41c4bc3254037906498d.png","hmdxl","hmdx1"
"media/images/9dce41da86de4dd8310e.png","media/images/59da10e820a5a3d7a59a.png","38qfu5","38qfd5"
"media/images/86e4ac61b477eafcc60b.png","media/images/0f45592f8768cc624993.png","mdt2","md52"
"media/images/37eb9b3af6a3a443cda8.png","media/images/71c350d3911e4c47c843.png","4dr4","4de4"
"media/images/c51a3de344cd3d290ae7.png","media/images/46024c983f6589e2578f.png","0dkj","05kj"
"media/images/73aece342a1b366b984f.png","media/images/f10a5050156ba482a818.png","351dgw","r51dgw"
"media/images/7a7e898d79da504d4c1d.png","media/images/9101a894a0157342a0b0.png","9l0fk3","9l0ik3"
"media/images/d067fc2dcde62289bf92.png","media/images/89df0158ebd0cfd92c0a.png","g94ui","g940i"
"media/images/cd6415328375f9d5718c.png","media/images/45fa193c34d424f2b20f.png","j67v4","jl7v4"
"media/images/58d76c4872bd10d7b8eb.png","media/images/589d0a4af52803b00ed1.png","x92afd","x92ufd"
"media/images/d628c5c4953afebdd32c.png","media/images/9271a9f7a6334ebcfaf6.png","lln","ilzln"
"media/images/a04b4fcf0725015627c3.png","media/images/8b9a1e54859f4873aa6a.png","1juyv4","1j0yv4"
"media/images/4f7f441e6af54d4c69d3.png","media/images/9dbed1bcae51aac486c9.png","jm8ot","1m8ot"
"media/images/2b4b9b22dd1a5d4cf0ef.png","media/images/eceec0b3d40d639301b4.png","m0wssi","m04ssi"
"media/images/6ec809801f5e8c2305fc.png","media/images/38de79e07e11f586ad7e.png","6kja","6k1a"
"media/images/cc308184c263fc2c9017.png","media/images/cb76a340c2aa50023117.png","deky","oeky"
"media/images/1006dfb5b2d564f7eff5.png","media/images/26aa8c50b080350ce38c.png","l53vw","l59vw"
"media/images/a831a78385585cf2202b.png","media/images/8dcfda9112253cde1a7a.png","xowhbq","cowhbq"
"media/images/336be88f0eac2d297abb.png","media/images/2f12460006abc815b8c6.png","xl4u","xl4o"
"media/images/0045cc7f9763c0aafffc.png","media/images/06aa966fcc8ff691f85f.png","zb02rq","zbu2rq"
"media/images/ccb316045e6d01638afc.png","media/images/a4ce2e9925d74ed52524.png","3dte9f","8dte9f"
"media/images/79af2a3c3e3be99895bb.png","media/images/feb03ceed5b17e22c54c.png","mmv4","mbv4"
"media/images/e5ef5606a943cd698159.png","media/images/d7f7b6a60b74ce7b6b25.png","xmuv43","xmuv46"
"media/images/fb3b58330f5019b1e8a7.png","media/images/7f4e86a7f2e6fffba183.png","v71k","v71x"
"media/images/44969d64126aea09ff85.png","media/images/5d5082ddd8e00b94664d.png","f76jy","f76jyx"
"media/images/4457af572553f863a0d7.png","media/images/66687887a2b344a7f67e.png","elqv9","elqvo"
"media/images/5b112ceb4a356fb09bdc.png","media/images/029087363a79eec476f9.png","9bj0x","98j0x"
"media/images/405fd1cffbf092bd7650.png","media/images/1d9d4099e6dbf3c2f2eb.png","ozrp","ozrd"
"media/images/2d65675c69d89d692761.png","media/images/ebce5b5fb437b4f6022a.png","kcoj","kcoi"
"media/images/387ae6bda0db9df96ad2.png","media/images/3ccece75213cd471a123.png","y47j","x47j"
"media/images/7017e7afc8c2667aaf63.png","media/images/f76f300d5529ded07fe6.png","ouyy","ogy9"
"media/images/39820964baadb4b009a2.png","media/images/7218cd13ec76905c30d7.png","qrxh","orxh"
"media/images/139a228d6713d9268198.png","media/images/3e0b442da832c901b153.png","1exv8","4exvd"
"media/images/4b693e9ab44658d3c07c.png","media/images/154fcb55630973feeb9d.png","gl2v1q","ef2v1q"
"media/images/d6d5fada928b4065b299.png","media/images/fb8e5551404b5a58ab9a.png","vhd7ly","v0d7jy"
"media/images/1f046e8771963ff08b40.png","media/images/a6e3c60ff255241676b9.png","3wrh","3wih"
"media/images/b4a783735ba30c7eb1ee.png","media/images/7a169bc1eb9e382d84b7.png","v28pun","a28pun"
"media/images/7bc13b8ed653cb416c09.png","media/images/96b51dc61433942e7656.png","vjjsqq","vrjsqq"
"media/images/d9c51754466fa17e2b9d.png","media/images/cca75c51bb67dc12f1df.png","d3icc","d3i1cc"
"media/images/60286ca0babeed5d1693.png","media/images/7e2d17e7d713b8d8a0cc.png","3kmn","nkmn"
"media/images/0ec41370911f47a6ad40.png","media/images/95cbd278aef934ff44fd.png","nnls","nnlsp"
"media/images/101108c7fbbe3acb1ee1.png","media/images/74195ba4928e58528a01.png","t2wvf5","t2lvf5"
"media/images/56fc4f3e639bdcd7726d.png","media/images/4888b9e217a83139e05f.png","m0veql","m0veqj"
"media/images/b6ce1736d23602ac40ed.png","media/images/007eb1a373549bf25da4.png","nzc2u4","nzc2s4"
"media/images/8630abbbae5755d898b6.png","media/images/fb7526e47a0eea3b9bc2.png","n6iy","n66iy"
"media/images/677b52d9d81ad6ea0d4c.png","media/images/e5dd8187b4cd27d6049e.png","r6d3","r6dl"
"media/images/347909361175e6c26639.png","media/images/0bbd2d8241a31dde80b7.png","5tqn","5tqw"
"media/images/c4b7d7524fbd5f4d6962.png","media/images/b60a22ead3aa7093f768.png","0xo5","0x654"
"media/images/d4bbc8108e0e78801007.png","media/images/845b439b8f16a965ec8e.png","o3hq","oshq"
"media/images/6d574950497f445a189d.png","media/images/8e7cac4197958363c3a5.png","o7kwnh","om04zh"
"media/images/33b1596dea37b697d547.png","media/images/5fb85c53ab83f06bafae.png","psbjvl","p5bjvl"
"media/images/9f3ec72b963479692cce.png","media/images/3d8bbf7ec5cdbf796499.png","w314r2","p314r2"
"media/images/f642d533dde5742df897.png","media/images/8438d4ab807d010123a7.png","vdo4ci","vdo4oi"
"media/images/f0fdef9e984fc03e8a2f.png","media/images/76bd99b2d24d089ba45c.png","j53wk","j53iwk"
"media/images/2b2b1a20c23848fd06ee.png","media/images/1a4f48f4f520a19046ec.png","97dtkr","93dtkr"
"media/images/e9cba2f12d6df7bd4336.png","media/images/d9a304ebab41d96c9dbd.png","2ndqe5","7ndqe5"
"media/images/dc7d351b302221cc6b1a.png","media/images/e09fadaa8f6e4d3c830f.png","aii4z","7ii4z"
"media/images/229df0b789559ac3ebac.png","media/images/5bb3066fd43150602efc.png","ah5i","sh5y"
"media/images/ce0971e31d70aff4d38f.png","media/images/a3fec10adb7f7aa1f848.png","0lcgqo","0lcgno"
"media/images/1022e586e63a7a478889.png","media/images/5406f298911d58c7b399.png","swwd","smwd"
"media/images/3716ff887aad0cf1bb13.png","media/images/8d39e461f15e6c4598af.png","sogx","sogx1"
"media/images/4e0da118520c1a5dc7e8.png","media/images/b297e9a69d8664cac7c5.png","rqwj","tq9j"
"media/images/1e5d53f1ecdb5b9b3e79.png","media/images/3f5eb2bc4bc1873ab7da.png","q2w","q2lw"
"media/images/aa7ce54ecc0ef1dccd0f.png","media/images/bc4f13b619d92d818e82.png","vcdp75","vcdp25"
"media/images/2e966fa7e3e63e703a59.png","media/images/3e1660cd41537443faa2.png","85wla4","85wl44"
"media/images/196724013dbcadfa366f.png","media/images/af77479be2fc963c4681.png","1frm","1ffm"
"media/images/c9201fdc6e1d5651baa0.png","media/images/85d11d754bcc4fa56685.png","92u","92uz"
"media/images/78a7100fceab2235d452.png","media/images/df92c346778b597a7233.png","yxlhh","yxlhhq"
"media/images/5b9b75d306b8103dd726.png","media/images/2ab4778e2e13d66953e5.png","s1yco6","s1yce6"
"media/images/3de7671a4e0b5e8c5556.png","media/images/03329aa062f136d779a2.png","3lh5ef","3ih5ef"
"media/images/094ae624c19b40a396ac.png","media/images/84c0db4550a192b8eda1.png","sqdy","sqqdy"
"media/images/20155b7561a1113cb4bd.png","media/images/eaf593afaf843c886e1f.png","4e3u38","4e3938"
"media/images/d9f3aa49f6e1a0f91338.png","media/images/1a9f91adf3733c519375.png","d3zjs","d9zjs"
"media/images/ccce03d90afb9cd8df18.png","media/images/17fe5473e2e3c1d33376.png","uy76","oy76"
"media/images/e8a3d03043307a420391.png","media/images/a2a49817e32e1e6ae668.png","wwiys4","w7iys4"
"media/images/db9b0c69f886564f816b.png","media/images/f034c22a2b4468db547d.png","gmaku","gm6kuc"
"media/images/3a7c511c1783851ab2fd.png","media/images/c94c2d4da6315ddce40c.png","wgr03","wer03"
"media/images/47ae520dfeeac385af59.png","media/images/c65a8610ec8848e05079.png","1lz6r1","1lz6f1"
"media/images/5b947eeee7913d558e63.png","media/images/5c16217f132e14c4f4dc.png","v539","v939"
"media/images/7d90cbf1d0274d3031be.png","media/images/b352aba512b462ebd4e7.png","7fwis","u73s"
"media/images/9936ccf16c967818948a.png","media/images/3296ae359f96998abec8.png","ephic","ephxc"
"media/images/650ee9d4055a89a97294.png","media/images/1b8c7a52ee5356725995.png","seabio","sedbio"
"media/images/c92c9d14311b0b32fa7c.png","media/images/d1f7b9577b3400f1fdee.png","ohxs","obxs"
"media/images/3d7b7029799addc3280e.png","media/images/e0fdeb67e66a4fc4ca33.png","jqu0j3","jq80j3"
"media/images/129fd83e00679d07677e.png","media/images/a917bb3d9bcd5ce4da9e.png","6q96l","6g96l"
"media/images/5de54e82aecb2bc32f8f.png","media/images/8a987c3f4acb8cea1d79.png","3ltx","3ltz"
"media/images/642c37d4e5221e5d4573.png","media/images/bccdc5177df9b9149ffc.png","vyac7","v7ac7"
"media/images/abc92de2e3e9f6fd0c85.png","media/images/1e344c2b70d43e084893.png","e2sd6n","e2sq6n"
"media/images/bc50e2260aa7b4892205.png","media/images/a2451677818bbb090ee6.png","4pje9","4pj59"
"media/images/7d0c3f8015335487a345.png","media/images/f77a30ad8b5ee4d077d8.png","bjp3n","bjp3nk"
"media/images/1696017a2f05e1e91c02.png","media/images/d9b3b81c024951d1eed9.png","4y5p1","fy5p1"
"media/images/a1f9f369271e4ad1ecfa.png","media/images/d74ce9a124a2785ff5e2.png","ppdk","ppqk"
"media/images/91868707b13b75899968.png","media/images/800b3a0c266339db3a3f.png","xa7www","xa7mww"
"media/images/7c0d00ea60200186a2d3.png","media/images/adcdcb06cd9478a3e7a4.png","d0zqh","d0rqb"
"media/images/7afe31c46622ad994102.png","media/images/b46120cfc0610b44f7e2.png","cr0y","cr0yt"
"media/images/c371a43ddfe42af01921.png","media/images/f9a13ffc305f242cc78d.png","gigx","gi9x"
"media/images/c9921f3a19a84de43815.png","media/images/7b26b75fbbe643a0501e.png","2yxb","2vxb"
"media/images/0b8a4ba3c96303431960.png","media/images/464425a4913c3866bfa8.png","tl3jao","tj3jao"
"media/images/da2b533838cb515bea6d.png","media/images/e05aac75902f56cec2d4.png","0u78c","0n78c"
"media/images/a52fbc1433f450cbf55b.png","media/images/212ae05130612e710a01.png","jl35y4","jj35y4"
"media/images/3b85fa92aac644075a6c.png","media/images/31ca4d3d3620d19eaa53.png","7rou","8vrou"
"media/images/117d31f8e3eee00bc0ce.png","media/images/f5a7516f426d93bc706a.png","251r","25xr"
"media/images/7b3331375f85f415c5b1.png","media/images/d33e1b3a3d5cf7323310.png","i60v","i60y"
"media/images/f932f9849d998e06b35d.png","media/images/a2b88de322fb469e8c91.png","pisfk","pisfk0"
"media/images/6ce6df0b84515f5e84b8.png","media/images/eb954f67f9da7c290b23.png","zwi3au","zwi3su"
"media/images/283c3afa94d9d8620af3.png","media/images/583bfb68aece38c8715f.png","vwk5","vwkb"
"media/images/b44ab0b8e8e8b6988d46.png","media/images/840b29a0eaf422cd5895.png","pqkl","pqki"
"media/images/51fcf9b72bb92ebd0072.png","media/images/61996c72d2270fe89330.png","308nux","30enux"
"media/images/b7ee319e441cb733e5dc.png","media/images/0c7cb89316f93cd447f0.png","xyjoqt","xyjoot"
"media/images/f1f2e295c1f200249cef.png","media/images/f28b71db242bea053367.png","l44vm","l49rm"
"media/images/7aacc9671041ec00027e.png","media/images/0ad5c19c73513cf34662.png","jk9gk","1k9gk"
"media/images/310a705d660c0bf5f158.png","media/images/70d72b87f54355419b15.png","thtad7","1htad7"
"media/images/2ccae67d346608b06445.png","media/images/55b422366eb9edbc9b54.png","qd7dd","qd71d"
"media/images/9046c45c786f2c3fb082.png","media/images/ef2b58e40ba79a1dc15c.png","f8qf6","f8nf6"
"media/images/e51a71a6c206b369ba6d.png","media/images/fa91bb01b0fe7b539dbf.png","b1zgt","bjzgt"
"media/images/9b7c7a502384212405cd.png","media/images/d9d2508e07855e5d5559.png","vszrq","vsz1q"
"media/images/89a2157fa6f7e50e7ce5.png","media/images/45401d410fa17cbfbe17.png","lr7pk","lf7pk"
"media/images/2c5652d3ac168a04b0ce.png","media/images/287ab8c2c6c42de6e3d3.png","k29ao","t29ao"
"media/images/bb81d779486480205ae3.png","media/images/eeacf27f24987cff55ba.png","zsz49r","zsx4qr"
"media/images/94207ce08215af5f802b.png","media/images/5c7ce0358c44699ac5d4.png","fw8oo","fx8oo"
"media/images/6877e5a11b365f79c3d3.png","media/images/f2a3291940e41f7581f7.png","plbhh","plbhgh"
"media/images/3b7f9e065d99dd12c227.png","media/images/db2527ae2a83be38deb5.png","9je9","9je5"
"media/images/d8fe0084a26c9c000f75.png","media/images/1f68a228392b216f3a29.png","bywk2","byek2"
"media/images/9ef3de14209ce19a2eaa.png","media/images/2161892bcf0c0cc4dd3a.png","1r6f0","1r6jq"
"media/images/66189adac4503b5483e4.png","media/images/8f79d703910d3a11f41b.png","2jvg","2jv8"
"media/images/c6320f1d2ceaffba74de.png","media/images/1fa91881589cd6b2998c.png","44kd","441d"
"media/images/83ae90fceed8e1209cb7.png","media/images/c2f19c3b5abd06ee189e.png","qhk4","qwk4"
"media/images/7ef73bb2d93ffa69474b.png","media/images/1bf4e88f60d69b2fb096.png","7mp8","0mp8"
"media/images/fa2645ac599d33597fef.png","media/images/50164e9a901995e73bff.png","o6ftn","o6fhn"
"media/images/96557bbdeb16feafd8af.png","media/images/aa778e3634fd2f057f68.png","96vz","96v3"
"media/images/f671da624745b5945093.png","media/images/485dceaf4f1e11582ffe.png","3rj8","3rj6"
"media/images/18b4fff593e58c87aab9.png","media/images/5e01f17db3b1c091a47e.png","njjs","n3jsa"
"media/images/55ca7318e733d630754d.png","media/images/a463a7eb99d98c0a1be6.png","xerx","xefx"
"media/images/0a66b5f2bc8818ead41e.png","media/images/f271a209a6cb7a547b0e.png","h8vur","h5vur"
"media/images/709ef175fcc8413b1d9b.png","media/images/d74cb748b2c670ba3fdb.png","j8ay1m","jaay1m"
"media/images/d6b5c9f176ab27c29d58.png","media/images/5254ed86513d67fa8eca.png","cxyp","coyp"
"media/images/1a4de57642bec7202e6f.png","media/images/83efadd62094aa3860df.png","ktah1m","ktab1m"
"media/images/bd962e7e96fb7dcbd898.png","media/images/c07578ddb7dcd2d41c6f.png","qmey7","q9ey7"
"media/images/9dbeb40996d8800b44a6.png","media/images/0e87bf54774913bbb285.png","tzvjr","t6zvjr"
"media/images/c30283c37ecd0d4afc5f.png","media/images/27438bdf99415407fdb2.png","rx2wq","ro2wq"
"media/images/02d3d68fd07e79aa33cd.png","media/images/cc5c12bcb1e76d3ecd9a.png","o1b","o1gb"
"media/images/fe03d02cd3eca64dcbdd.png","media/images/a4557658c32fae9d0144.png","ppy8","ppy8n"
"media/images/a88903cf27bd431abafc.png","media/images/7e7330cc6dc21d4dc755.png","knuqq","knucq"
"media/images/f84512c9d39352e7297d.png","media/images/2847873b7477b8e16225.png","7syj","4syj"
"media/images/c0c4de036b8c827bcec2.png","media/images/3a26a1502c793acd7ef6.png","zhlwjh","ohlwjb"
"media/images/af6d0e1d31392686fcc9.png","media/images/ac5463ee47a5f213702f.png","p94til","p94ti"
"media/images/aadb8912a5e515631858.png","media/images/8a522f8249c8995afa75.png","85q1","85p1"
"media/images/5b210a44df9165f3a897.png","media/images/86ebf726d4eca69ff8dc.png","etb1t","etu1t"
"media/images/694f77c4dfca4bbd58af.png","media/images/fba6c73dda9a2de9c939.png","jrhz","jjhz"
"media/images/e52f780cd2589eecaf40.png","media/images/9fe4b92e54f42b9101f5.png","m8c13","m8c15"
"media/images/ab8cc1532add623e02c3.png","media/images/56adb1ddefd9e1ca6933.png","lfgzl","ifgzl"
"media/images/4af7dc8b6100164dc96b.png","media/images/22bdaf54e3948587b8e8.png","nzw9","nzy9"
"media/images/55e7d495971e95e4a6ff.png","media/images/fb90a4c8bd7f7b786547.png","nitcxy","nftcxy"
"media/images/f6b79c3f3954084d835b.png","media/images/0f4f8f83c47014fd0677.png","e7n9x8","c7n9x8"
"media/images/f69cb271de90b8498992.png","media/images/c7025ec3e52fe6b27d7e.png","fwd6i1","fwj611"
"media/images/dc440d34cbc6c8a65722.png","media/images/c59800b1f825668a295a.png","e04l9x","e0hl9x"
"media/images/1b289b3f63b49ca4bd15.png","media/images/57444fdc9f43ab5f14eb.png","xbou8t","xbov8t"
"media/images/994082dafb509f625925.png","media/images/f19357cfaed24cafa8a4.png","vdzd","vnzd"
"media/images/15c2bdeef99a444466df.png","media/images/4c070f9ced59cb4749ef.png","22qm9","v2qg9v"
"media/images/db7caf06a4eabcb7ae76.png","media/images/1a863a7f48ed70592975.png","2y1omv","2yzomv"
"media/images/dc0b61fbdfa68bc2595e.png","media/images/754e6e3729a7ff209a95.png","fclu","fcl0"
"media/images/0ed996c76fd14de625b0.png","media/images/d2c4aa160910b7edbeb1.png","8cwtwy","bcwtwy"
"media/images/8193eef67f43e18193da.png","media/images/b3c85fa6a3d43c0a224a.png","99is","99rs"
"media/images/f08f34dc031c8bbeaaae.png","media/images/1f2b01312c7a8cf87c39.png","4feme","gfeme"
"media/images/2be7d32135c05382f809.png","media/images/f05f0e8979bdf26b1bbe.png","mlox","mloox"
"media/images/2f8ab055ff9def473b41.png","media/images/52e3bc2af5baf35beebe.png","lsctu","isctu"
"media/images/881979812ce16bdbe545.png","media/images/e81a3c943cb9d88ca43d.png","r3we90","13we90"
"media/images/7921bc32b36a25275243.png","media/images/2e4642459e0ca9bc393e.png","n7ucys","n7ucvs"
"media/images/9e116ba72dd30a1f19e8.png","media/images/7f565e191fc1ce0961d5.png","oyjc","o7jc"
"media/images/ba90bf9bbd61082b67d7.png","media/images/866eed9d9daac496519b.png","4gw8r","4g06r"
"media/images/aa0f2016fe444d50ec06.png","media/images/5097e0232029cb15284f.png","2gz8c","ggz8c"
"media/images/9c92bed8df161ff2d49b.png","media/images/709d9e5265b21aef4ac2.png","ab594t","gb594t"
"media/images/fa632dc79533106c356b.png","media/images/bb5ef810faf1eac03425.png","mml3","mmf3"
"media/images/f4052a196185934c6f26.png","media/images/cf4d150ed324bbc923c6.png","kqp6","k0p6"
"media/images/81475aafdd607201a6db.png","media/images/4a957d6e9ac34c3f0085.png","bwb","bwbi"
"media/images/172787ae0c2f1c99bb62.png","media/images/9db5faaf4765167627c9.png","uddl9","uddj9"
"media/images/138cd05fdb69a27a8bf2.png","media/images/2ee2334da1d4430a07c5.png","ztlu","ztil"
"media/images/f268f325aa35bb0c7df7.png","media/images/9536a28cf2c4309149b3.png","g0chp","906hp"
"media/images/24c0856d1965c94c4c15.png","media/images/22bcb121a80e00fa9c07.png","ch1cfd","5h1cfd"
"media/images/f61ac6e769016591272a.png","media/images/7827a167f1d496a06ff9.png","x1kvn0","x1kvn8"
"media/images/25023561315a581d2329.png","media/images/1923a86a40cffb8b7f20.png","8ly4a0","8uy4a0"
"media/images/204cda99c03ae0fb48bf.png","media/images/26231fcf322415bf1fcf.png","1rgue","urgve"
"media/images/7f0140c5207c3bde14c4.png","media/images/9a0a6ceabdaaa59bab22.png","vokwx","vokmx"
"media/images/45da5c7cfe67eb7c4fd1.png","media/images/48bc0eac7acbb75ab2ae.png","qpl2qp","qpi2qp"
"media/images/42e58a016e733fc1faab.png","media/images/9c9b11a78542e3f30b2f.png","xirj7","xfrj7"
"media/images/4f7421d0f28689738ab3.png","media/images/4f2bd79255bbf44156a3.png","q1u7","c1u7"
"media/images/ce9e69982e0ea946beb7.png","media/images/32abc12d1fececa87d8d.png","aw6bn2","au6bn2"
"media/images/5b6f12a6c3729ca2d12b.png","media/images/12436f936d95f1df08eb.png","3nprj","3npfj"
"media/images/a96446aa95948820851f.png","media/images/0592dfe064891028e9c0.png","k8q3","k8g3"
"media/images/c8167ca61ef7333c8268.png","media/images/ac2302c39d871b75a75c.png","m1tl","m1ti"
"media/images/e36e80647470e0f0e882.png","media/images/f275912ff2a4473db304.png","opjnh","opznh"
"media/images/78e6fa90ee60f02fe15b.png","media/images/4c94093912554464bd42.png","lwur4","lwul4"
"media/images/78dce2a36bc09edc3ff4.png","media/images/5da380bda56d98742f0e.png","3wkl","3wkzz"
"media/images/e5e1db47eb0aa04cb076.png","media/images/3f51bc87cebbc0f04d67.png","69vhw","69vhwr"
"media/images/cb3169d166ee87f82ba6.png","media/images/b4e468c6281fbfa83c5a.png","gd75","gdc5"
"media/images/03e003781c127a8079eb.png","media/images/e6250d98b0461e29c779.png","c3w89s","c5w89s"
"media/images/20586beae3b71741c95a.png","media/images/36128085f6c08ab72950.png","16hq","x6hq"
"media/images/6ac94659d396f72c00e9.png","media/images/5032e9c7100b2c587e33.png","84wqv","qawqv"
"media/images/842a7979662ffdabed30.png","media/images/6c9cbe3e49661a2d4aa2.png","pgk6","pglk6"
"media/images/27ee2aabc2edf7862111.png","media/images/c732beb290e1e0d8c0f7.png","pcrvw2","pcsvw2"
"media/images/501a3819d3b44d21cb45.png","media/images/87e9b94103d72efaff1c.png","meu1w","meu3w"
"media/images/3b06f075b36f0c80cd58.png","media/images/8ddd258c03c08702caca.png","pfe368","pfe369"
"media/images/07c538d1bbd33b0eb2bb.png","media/images/b7cec7a64c7591e8204a.png","r9a78","r9ey8"
"media/images/c3e5eb12cf50187a3152.png","media/images/bd1af14f8ce622a67148.png","z6xb","z6xu"
"media/images/d575a5eb1543873cf594.png","media/images/be05e012e17dd231c950.png","v9wers","v9sers"
"media/images/058c3598c41cadbc1741.png","media/images/5815f8876c7e99ae98ee.png","gageu7","gag4u7"
"media/images/3ef02d297bc714ca1553.png","media/images/32584e97b636ab6edbbd.png","pl7u1b","gl7u1b"
"media/images/5841b6f2564e08114b78.png","media/images/c1494e21eb41b25b79f3.png","jr8fv","jr9fv"
"media/images/816bc7957b2c938c43dd.png","media/images/c902c1fa6eb5d67afec4.png","pzivp8","pzivpe"
"media/images/5e43c7ddacfee9dade8c.png","media/images/75a82a5b99978eb759fb.png","66kl","66kf"
"media/images/ca003848046cf5d48754.png","media/images/664621cddfde2cc7c1d3.png","k6ik","k6il"
"media/images/ebdfbd71e1e7b19cf99f.png","media/images/308e69b88db747c13555.png","v7mdsy","y7mdsr"
"media/images/9cf474987c995e3e6a2e.png","media/images/f48ad1eb00472eec3fab.png","nc17","n517"
"media/images/c245b44fff474e8fcffe.png","media/images/987d1e1e4e5ce19ac82f.png","54892x","54897x"
"media/images/ef16b0674683818919e8.png","media/images/22838ca1153bf61d3225.png","sfbew","sfbaw"
"media/images/08e08d5605b5006971de.png","media/images/e600ec72c1dafae337d4.png","xcnuj","4cn1uj"
"media/images/8ee32a8ff77dfecef362.png","media/images/a2198332d0372cb96034.png","lzjx3","izjx3"
"media/images/67abcb6bdcd7c01be0df.png","media/images/5ff96ebd222cdcabb8fb.png","o74o","o24o"
"media/images/148e6cf5c2b47c2dcd44.png","media/images/41cd5629d702c86ef576.png","ooth","ootb"
"media/images/d45b957768af8969eb40.png","media/images/ab7f32596aea397f78b2.png","wa05","wa0y"
"media/images/9e1c0a4ecafee12456f2.png","media/images/5e8e79ec66935d47a317.png","qj1yr","rj1yr"
"media/images/51118a3bcd89c135b83f.png","media/images/8bb858074d09f6fd5400.png","um434","ue434"
"media/images/39a65e2d369c5ba02302.png","media/images/d55616d9cb2bc8d1a0ed.png","5z9v","5z9v4"
"media/images/1dd65702a6dff3f496c4.png","media/images/928aa793586b16246e1d.png","6nxw58","6nxx58"
"media/images/88f7d04d75071435235f.png","media/images/c345ccf12209285b5980.png","skak","sk6k"
"media/images/082f32b2266c4ffd9945.png","media/images/f909aac7658e13ea3d8f.png","b6j5b","b6j5bk"
"media/images/ec763a7978d9db5fe767.png","media/images/f13d711c9a239858d663.png","65ugz","650gz"
"media/images/c7cbd575e2993df2eadb.png","media/images/7aa9988199d30d3bc971.png","o11p","o11ap"
"media/images/cdf7d9b97d36a720c1fd.png","media/images/c034314062b5f06cc61f.png","fpthn","fpthh"
"media/images/e4836148e009323cf0d3.png","media/images/98341ad21ef4e7f96cee.png","pdg4rh","pdg4fh"
"media/images/65c1de3255a5e78b53c9.png","media/images/a47500893c74327823e1.png","9x7z","9x79"
"media/images/5ee249260c50a6fd74fb.png","media/images/7fe7d7786db673e2a35d.png","1x3pfl","tx3pfl"
"media/images/b66f085ae1745a96bce2.png","media/images/47536f98a8a1eb853530.png","9e6r","9e6g"
"media/images/4f4e8920cdd7e31e9881.png","media/images/b4d2b3310284dcaa795e.png","lsb2","lsb2j"
"media/images/9e309bb7d5383fadc589.png","media/images/8eeb1239312f93519f2b.png","i4ekn","r4ekn"
"media/images/9b3253d59244b78d6a0b.png","media/images/439e2e31f71d83e45ef0.png","d3q6m","d3q6m5"
"media/images/54c9672a92da06fb0194.png","media/images/578213a48d5aed238726.png","tyklhv","tyklqv"
"media/images/b53105dcc9b0195195b7.png","media/images/284ccb1b8d99e7f24e34.png","wciq7","mclo7"
"media/images/944a8414ee205e6cd838.png","media/images/bc3974239147fba07e62.png","30z3el","30z3e"
"media/images/9b28bbdaec0604a213cf.png","media/images/ef5c74a64c0b4cd4b736.png","9wau2","9wau2f"
"media/images/8d5368ef2b1dbd7ceae7.png","media/images/ccb711571fe6a15786d5.png","pk870","pk860"
"media/images/faf2eb9f7a8e4a44166d.png","media/images/ac35e76fb6f065030e20.png","7q4qdl","7q4qdj"
"media/images/8a59ec0471f72fef9da6.png","media/images/b1ddb8b978d4118798ea.png","ziz6","zla6"
"media/images/5f36edff185b86a2abd7.png","media/images/eb4ffbfc2ec92e2cd623.png","7l56c","7d56c"
"media/images/1039f20a4fdb05ef40f8.png","media/images/ab8eb5df40a6e1b3d1ad.png","gtml6l","gtml6i"
"media/images/4672b8aeec908bc913cd.png","media/images/8359132839e85abc2331.png","bls","blsc"
"media/images/7e6cf9d13ee97c049d46.png","media/images/346bf4f4c2bc499b990f.png","ywgoy","ywguy"
"media/images/8dde918de05272f0ec7d.png","media/images/4b526fdb7ff700e30a25.png","kiaytf","ziaytf"
"media/images/97671b4e5d6de53d5645.png","media/images/c332b2d0fb0f108985bf.png","3dya","3jya"
"media/images/bc790d3d1fe0db921776.png","media/images/41312a44e048c7f5723b.png","y9ya","v9ya"
"media/images/8453532b869db9af5c5a.png","media/images/0d1906219ad4a4ffce0b.png","h00a3y","h0ub3y"
"media/images/9084144eb8603fc20562.png","media/images/62ee11ec5c92fd251919.png","v7bn4b","17bn4b"
"media/images/f35693460d3ba58e4fce.png","media/images/13a169b88943edd3ff57.png","axkgz","axlkgz"
"media/images/c1694795369f101424f4.png","media/images/43079a8383329e08ecf5.png","t75k","t75t"
"media/images/2e3a8592a9389f3ca5a2.png","media/images/29bb2904205a238124d6.png","gie1u5","gie105"
"media/images/3a0f813400dbfa454bbf.png","media/images/baa4c206c859145b1851.png","ju741","ju74"
"media/images/f120b4b5c5dc32251110.png","media/images/f41b4766ba511a2ea4a3.png","l9xh","i9xh"
"media/images/0c1a09ff93ef16c2521d.png","media/images/d6a6c6569ef721645dfd.png","frui","frul"
"media/images/8b1c7b78dd4627962aaa.png","media/images/9777b167c37d34a40c74.png","uvas","dvas"
"media/images/4cc2ca2f31facb302d9d.png","media/images/4f71008d9031a3ad8f80.png","lmgr","lmgc"
"media/images/fbf0a2f62b74ef70406c.png","media/images/5d86f0acf09c518374d8.png","lrxup","lrxuk"
"media/images/3acf1b84618e1703e77f.png","media/images/f7dcc48ca4b89c30f3ab.png","eati","eatii"
"media/images/646389f5a487332fb934.png","media/images/16ecf55243ae7e249c05.png","uqmg4","uqmg4t"
"media/images/a9ac8c48a7102d327ef6.png","media/images/6639a62cd83306fb550a.png","71n0","7ln0"
"media/images/e86f54ea7a18a2b16f55.png","media/images/37958f0c38bc319523ae.png","jwkn","jvknw"
"media/images/fab9eb1d6b48f711a402.png","media/images/3740204b29767254cd78.png","c2qbh","c2qhh"
"media/images/548964b5731c936a9791.png","media/images/101e31235103f5e00a3d.png","g6ui","g6di"
"media/images/02675276f0e6a4a946b8.png","media/images/c2a4a7fb8f8ea87f639e.png","cd3hah","cd2hlh"
"media/images/32185d978d94f0c25db1.png","media/images/addfb82670ee28d67db5.png","f4vs7d","f4vf7d"
"media/images/d116e623be85b61f0879.png","media/images/9f0d9f04eebd7d3ebbe6.png","3xja9l","3xja9i"
"media/images/e699ce624406fc2102fb.png","media/images/7a48e138902edcd90c09.png","3ll9","3li9"
"media/images/5680df65630276ecee77.png","media/images/f236870ffd800682dfe9.png","pt1fay","pv1fay"
"media/images/bd3d4257684285aa9d1f.png","media/images/57ad9544dfce74c639a0.png","636b","636p"
"media/images/9a12ff906cf77e7187e8.png","media/images/c6fd7bcc5369528e6246.png","sv7u","sv7ue"
"media/images/b626439f7c40fbe6348c.png","media/images/b8650dc16380f0f20913.png","r1tmh","r10mn"
"media/images/a506ce95ed207dd09136.png","media/images/1dd9b61e1c71fab8c1b2.png","9l6k","9i6k"
"media/images/17bcff96be3bfbc92623.png","media/images/2fd904b60bbbd1adada5.png","8fh4","8fn4t"
"media/images/1996216e161a92358fa1.png","media/images/070b5452828d1233a4d7.png","xrt25","xet25"
"media/images/7d5a4f758b7756cff769.png","media/images/a534cf60ec56e3e45ce8.png","1ycvy","3ycvy"
"media/images/d556cffbfacad4ffbda3.png","media/images/877cdb7113b7b99848b4.png","2qyg","29yg"
"media/images/a55371739dcbf786c66c.png","media/images/c3ac4d9bcc55df32f916.png","oi8iv","oi8jv"
"media/images/317a1f91668f908f3b6e.png","media/images/ff1fbc41081228eace29.png","u66t","u68t"
"media/images/24e48de5438a5c17e16d.png","media/images/dcef8049ffc48fb96f6c.png","chjn","shjn"
"media/images/ffb133b0e8d146a77b7b.png","media/images/16e10a9f21c9c8dfa022.png","k80x1l","ka0x1l"
"media/images/f690c6dbc3b68926967c.png","media/images/7f16c1ecb06d895669a0.png","bmqv","bmqs"
"media/images/62178712dd1779140dee.png","media/images/85a316a08835d0a61e22.png","kpwvs","rpwvs"
"media/images/ec44e172236d48b37d1f.png","media/images/c060d8bbf6eb7833248f.png","mg15","mg15p"
"media/images/f28a3ac2d4e1919fbe2a.png","media/images/f0c5ef7a5fce35e299a2.png","fklq52","f2lq52"
"media/images/3cb5bd4d08da34fa7164.png","media/images/4e5a4bd8c299fe490c44.png","j0euh","f0euh"
"media/images/33119d9f4be6500f8411.png","media/images/dcf7ddaabd455af50483.png","u33","u33t"
"media/images/fef55867d8621357e312.png","media/images/8ecb7f1d738f2fd20ef4.png","jlxk","jixk"
"media/images/75d4373e0c83f6a5e844.png","media/images/1241227276569dbff002.png","j9fj","j9fjwy"
"media/images/c96d375a0f01a16970d3.png","media/images/77adcde3c892c32a0c8e.png","dgv4d4","dgv4x4"
"media/images/8de26c43f48bc3ed8ce7.png","media/images/55fd22856a3b363ed4e9.png","gvmvg","grmvg"
"media/images/fafdc7d50a2e3047bf4e.png","media/images/c115d5a6f6e30bfce919.png","movv","movg"
"media/images/f416e26faa2c54ad3ef0.png","media/images/3085feef8773eefd5d9a.png","3qcli","3qcii"
"media/images/6de224ab8208e759afed.png","media/images/2904072e71405450765d.png","zlxbj","zlzbj"
"media/images/125d8120cefd6d83d556.png","media/images/6fe5dee5a9d1d8359187.png","xmz2w","4mz2w"
"media/images/283c8b2c439c751180dd.png","media/images/3072c9d5702242a5dcf1.png","22ujv","q2wjv"
"media/images/78d081be34204d7a6b17.png","media/images/e53274456d30ffb04b73.png","1rlo","8rlo"
"media/images/0f9a77c1f433f669d508.png","media/images/45b1e35f1d0a30247064.png","3cmh","3emh"
"media/images/5ab36f0578736cde5109.png","media/images/e25cf5a5c680e8293dd8.png","pquj37","pkuja7"
"media/images/6cce0cfc2c6b1b843123.png","media/images/2d9b29169ec8febc6167.png","ypl93a","yptb3a"
"media/images/297e01a7b12c00f3eaad.png","media/images/3b5fecff8c570032f793.png","hra0x6","bra0x6"
"media/images/3c74fb601859c78d4035.png","media/images/aad6d020afe10b90c492.png","hqr35k","hcr35k"
"media/images/30ffdef7069c94c8b5a5.png","media/images/3bbb9be48dcd95cb3ecf.png","lwyo3","lwho3"
"media/images/a479299e35bc71fe8447.png","media/images/0c8b62161fbe70f94d4a.png","ojtj4","ojtjr"
"media/images/8f46bcecf64bb565b096.png","media/images/bfc658200bb6aa1a0c52.png","z457","u457"
"media/images/7021797319215ca026ff.png","media/images/71940e004839230c52cf.png","kotts","kottis"
"media/images/aea2c43150cd469d7bc3.png","media/images/416b98ca5bceab09718e.png","bf8x","gf8x"
"media/images/9335f2e539ba105e0d8e.png","media/images/8b3d2bb798cb1811e5f7.png","fpxu","fpx9"
"media/images/2037e406c1577a7cb248.png","media/images/c9c726e46cf95e5c4d57.png","g2l7j","g2j7j"
"media/images/854e193648cad1a95bca.png","media/images/24ab6774b316ef9a573d.png","lks4","blks4"
"media/images/2d55742745a5ca19409c.png","media/images/b327d77bad91b4650ae7.png","gxkkq","gakkq"
"media/images/0cb308c76faf22983ab1.png","media/images/d3314d506e6ab7c76a70.png","tgzhd","cgzhd"
"media/images/0bbea1f780921183967d.png","media/images/23f41532cdd08c057aa4.png","rps8y","rp58y"
"media/images/cd58f0defe33f2414d9b.png","media/images/3b8b8729a07236f1959d.png","jtqnbk","jfqnbk"
"media/images/e0132f7ad0edcdacd13f.png","media/images/308dc798e9182bdafc99.png","vmftt","vmfttt"
"media/images/9f9f296719e81e1a566e.png","media/images/ec92d0e8cee55e8a73ff.png","tnz49q","7nz49q"
"media/images/50ab6bca77e612dbdf52.png","media/images/5eb1d6904434688b3782.png","7jndn","7jnon"
"media/images/509220aa4ca3f83f217a.png","media/images/16f3f33972b3c8a60da5.png","2k1ntp","5k1ntp"
"media/images/b374be9f1b11dc8b0b05.png","media/images/4ef17d97354841e7d886.png","slgk1w","sjgk1w"
"media/images/0f109fa411a04342349b.png","media/images/7f2d2b27b703d243f214.png","zsy0zf","zsv0zf"
"media/images/97ceded4770187d8fb0c.png","media/images/7917ef724f5afab8acea.png","cfz46","cfz48"
"media/images/3219deed6c65f89d7fb6.png","media/images/c1c0e0c086cb6136315c.png","r9w8ko","r3w8kp"
"media/images/8a5361c5db4d7c7b1a00.png","media/images/ec7ff0233883f823523f.png","ul690","ul6gu"
"media/images/5112a801a2ccd16179d5.png","media/images/e895d6820f667cdb9d7e.png","wg7q8","pg7q8"
"media/images/8bbca073454d36170fc3.png","media/images/4ef4d557805937d6f02a.png","3axl","3axj"
"media/images/6f8ddb8f54c0e17f950e.png","media/images/0075fafc4077e87e99c0.png","ftiw","foiw"
"media/images/29cbd8f76bd326432600.png","media/images/c9458eb6c5ee39b9be25.png","qmsh","0msh"
"media/images/3977af9c5f0b21cd23f5.png","media/images/db2f90548d785d6d8f84.png","6ct1yd","6ct1vd"
"media/images/f4871e3e79c4b455632c.png","media/images/0ef784e377706bf53925.png","iddh","iddhs"
"media/images/b087b67500bae26e059e.png","media/images/cc67b32369f32171e98e.png","641ed","6r1ed"
"media/images/1cfdbc748017f109f233.png","media/images/70005ce1e6bb60628830.png","22sud","22s1d"
"media/images/7a06add18ef71304f6ed.png","media/images/6c16aa7d4a9ba7cb21b0.png","l26u91","f26691"
"media/images/433fe7e1689621c4963a.png","media/images/45d20c5cdbd0dc7ab4a4.png","3b411","3b41"
"media/images/e39d216c38ff4df0a56c.png","media/images/b7f3b333481b6fbc1f69.png","g6lu","g6l2"
"media/images/fa86275f0ab4c02705dd.png","media/images/0dc5041d1cf68c16abd0.png","k4ygh","v4ygh"
"media/images/f2364cbf50b278e11e7b.png","media/images/de8f5806846c705e31de.png","j5icq","y5icq"
"media/images/0be928862330e3304d2b.png","media/images/0e4b3abcc00b87cda40b.png","apkw","apkwf"
"media/images/38bdf708f8791e1f4d63.png","media/images/6580556998b742a6336c.png","w4a7c","p4a7c"
"media/images/f4d6b09aec19c524eee9.png","media/images/f9b5621edfd0b2103124.png","h0q9","00q9"
"media/images/d25ad719db40215c5ac0.png","media/images/cd04b0237a3e010ff96a.png","gmdgv","gm8gv"
"media/images/3545ad43f3bde08a1af0.png","media/images/23c4cac4f6caf3e8c2ce.png","h17tq","hl7t"
"media/images/5e18ff8dbf31cfb5c89d.png","media/images/24c0356d35605b1ed69b.png","lnlwq","oniwq"
"media/images/acf6ab071fcfe96e285b.png","media/images/381925df8f08b9c0958a.png","wu8i3","uu8i3"
"media/images/1b121171b4288f1d0eb4.png","media/images/c048731641c559117289.png","iapjja","i8pjja"
"media/images/e57701555f2bae33cef6.png","media/images/c00de0bb868c1a4b38d7.png","n5tlpy","n51lpy"
"media/images/eed3466b189d8409ffaf.png","media/images/d96a6260c6c6a58b981b.png","a9u7","ag57"
"media/images/a3f7da804478ecf21c98.png","media/images/ef69345843a9f1e1accd.png","rkg","rkg5"
"media/images/aaf26f59870d03c166a8.png","media/images/ca735521f6271e41f922.png","k43wk","p43wk"
"media/images/9eb46794d005eb91463a.png","media/images/46f1b7ead649565447f6.png","qix590","qiz590"
"media/images/a7c66a5dc3af0e7ef7f3.png","media/images/072a0b15d486bdf19855.png","srwi","srww"
"media/images/9df3d7d6b3f9e9a0f520.png","media/images/c2525f887c47c5485e67.png","s66g9","566g9"
"media/images/997f13d35d658d02d51e.png","media/images/afdd7f03fb6747599fa4.png","j6nze1","16nze1"
"media/images/6ee525347ecfb92f76aa.png","media/images/166e71af643279ac8034.png","8qls","8qts"
"media/images/6c7b322e52040fb5c031.png","media/images/2f2e80343a2f4aec2257.png","26bu84","26bu8s"
"media/images/8dbd93afd4ee60a8992c.png","media/images/be9f0956eca10f514141.png","gxtpv","gqkpv"
"media/images/09f6e2af3ec328674c10.png","media/images/370aebac9a6508448c62.png","aqt91b","ant91b"
"media/images/ed0df6236d2a95aee1f1.png","media/images/a7ffb4f56b6dbec5bd77.png","gf8mn8","qf8mn8"
"media/images/82b0b80586590768081b.png","media/images/8c94a98690c2f1af1d05.png","1bbhp","1bbho"
"media/images/5d01ea5bfb371606e5e7.png","media/images/71f95289d578a34a690c.png","r6bg2c","e6bg2c"
"media/images/bdee5627dfd681753fb0.png","media/images/a9690579bd9e86d3787b.png","amnoc","ammnoc"
"media/images/b30979365d3048833dd3.png","media/images/fe32771447d620a52fb7.png","j2n0","f2n0"
"media/images/61625822992f3987207b.png","media/images/5cc0c2820b39fadbf278.png","240d","2z0d"
"media/images/95b072c21e0d45bcf652.png","media/images/13819edb7f4d7b384815.png","74m6ua","74m62a"
"media/images/426909b379768d2ebb90.png","media/images/15cfcb86b597a598f338.png","plwba","ptwba"
"media/images/df810ce1f9de23325bff.png","media/images/0ee52a7e95d3b2fec044.png","z73vha","n76gha"
"media/images/16d7ad90093842f67eb4.png","media/images/634686cf865efab90159.png","etq2vz","et42vz"
"media/images/e4f9be2c09d2f291f010.png","media/images/286d682f8b86db3e347d.png","vtgv","v4tgv"
"media/images/a34e2cce71f98fe3b8ff.png","media/images/36bb4b1d794879c790a0.png","qwqm5k","owqm5k"
"media/images/c4e58b2afbb3241a4fc5.png","media/images/25b215ab10c6d05b55e6.png","c4iou","c1jou"
"media/images/238e1e6189b6d2498891.png","media/images/c8cc62d3bc06b47716a9.png","z5zkl","z2zkl"
"media/images/99b9de79a074e1524bd8.png","media/images/2bfef58eb0153c8cba8c.png","raypa","rsypa"
"media/images/adf6551fe23d48368426.png","media/images/a3f5586be247ac1e5167.png","cdku5","cdkm5"
"media/images/605346395cca1371dd81.png","media/images/395fb3ba2205df91f72a.png","hphl","hphj"
"media/images/821da7255b0be0d395c8.png","media/images/c8f474b2bf9adf0bce0a.png","vmp2xn","smp2xn"
"media/images/fc5f9e60e004fe6c2d84.png","media/images/6a41ac84ab6fe6e51e99.png","qjv47i","qjz47i"
"media/images/fe9fd4615aa41d951e14.png","media/images/f0fdf26153ca9ea1ae10.png","qk2q6h","qk2q6b"
"media/images/fe956ff654bb048c0e93.png","media/images/353354deb8e8568165bc.png","c8lq","68lq"
"media/images/767ad17923498800e062.png","media/images/6e9f6e51209e47ea3f88.png","0ln48r","0lg48r"
"media/images/90f33f10637b9d5f0cec.png","media/images/2ec3c234bc7c85379206.png","o65si","o65ci"
"media/images/9795cab62ec00d41b661.png","media/images/5190ecad3bd29f4eeea8.png","t6sftw","t6sjtw"
"media/images/1358357b93dc5a1db611.png","media/images/800468119c117f7ad2d1.png","3iwi","32wi"
"media/images/ec1314c36690c8903239.png","media/images/50a4a2c85b9e5078469a.png","4unyx","4hnyx"
"media/images/c5d081c1a61609851754.png","media/images/18408e3f057ea4fa22f3.png","tnrm","torm"
"media/images/7efc108c09d4c5759447.png","media/images/8527a8c1106e1c7dbd7a.png","klrz","cdrz"
"media/images/afdea9d3dc1448830625.png","media/images/6250c0a479eb33053dd6.png","ai6be","ai6be1"
"media/images/de3ddff0aba11f0b3cff.png","media/images/591ce7e370b97032d940.png","oj2","oj2c"
"media/images/bcfc0e2fac9fa1370713.png","media/images/8b7aa9f2c8c55a603d4f.png","69entt","69e4tt"
"media/images/8da1204c254bdb3d7fac.png","media/images/54c3019b7e99651ba9fb.png","u47o","k47o"
"media/images/d8ccefa371f005825b93.png","media/images/3b6ae3add1cbefe36676.png","y1eo","y1eb"
"media/images/ce7f1d7db7aac9c535c3.png","media/images/accce2e5009a41764983.png","ixs5","lxs5"
"media/images/a2bfe3564b5a129b8a24.png","media/images/d01f22cb2ec079a6069a.png","4g7xyp","4g7yyo"
"media/images/1042340d5ce34e1130d7.png","media/images/63099390460211f7b4c7.png","izrr","izrr4"
"media/images/3d44194f1fa61daca7d3.png","media/images/e2fa7dde334e8a8c4ab4.png","uwhm8","uwbm8"
"media/images/2580b5c19f490608050c.png","media/images/7d6007228ef292afb70c.png","iux36","lux36"
"media/images/10c816602602adbca448.png","media/images/d87cccb299b671e2d5ac.png","22kx","32kx"
"media/images/eb41c1923fca8c0c275f.png","media/images/47f62f9c8c3748e1d959.png","gz8q","ga8q"
"media/images/5b760d0f968d28892905.png","media/images/6ddaa4a7824a32b938ce.png","r94l","r94i"
"media/images/50772bd731b16ccb4b0e.png","media/images/f6223d839c246aef538d.png","e4yf7","eqyf7"
"media/images/0939cc8b06f5ef92f20c.png","media/images/d0c12299fd20ab16f56e.png","38okx","38otx"
"media/images/ef38b91d3714f11559de.png","media/images/fdbb1ae546d3ffb0f40e.png","1lanx","1ia8x"
"media/images/4a767e2641933617f35c.png","media/images/adea5b8d876a71058e14.png","2ptlb","2ptlbz"
"media/images/e1923f97fa1e2a55797b.png","media/images/1f895f783d056824b935.png","vti306","vtiq06"
"media/images/ec19c0c9a90310b9246c.png","media/images/587155625d002291d6c9.png","jff9","iff9"
"media/images/1eda6a8481f860946fc8.png","media/images/b34d1208538f679814dd.png","7qwu","7qvu"
"media/images/48db772b6d55ee30a5e8.png","media/images/66c6e7a7bf19e58a6296.png","mw1r4b","mm1r4b"
"media/images/efa5e85ff98b97449b17.png","media/images/8185a6a1acbfc90392a0.png","5zbuw","5zbcw"
"media/images/ac5e20dbcbb1b00aa9d3.png","media/images/cfe5a2bf8eb66361425f.png","oyxa","oyx9"
"media/images/67770c4ae349afc0d73f.png","media/images/98e39fb79e850c8f1584.png","iaef","ieef"
"media/images/3034e60bf5d9aa0cab27.png","media/images/b2ca0e0c6c5063e5bba2.png","o7njx","o7mx"
"media/images/a95b33e382c3a1171032.png","media/images/5bbcdae8057241669512.png","y7ggt","y7gglt"
"media/images/63e0b2c5041ad765a1b1.png","media/images/de472e0cc0483b693048.png","9yk79","9yk19"
"media/images/37514f09f9b1b18d4436.png","media/images/8c34faeebb25afda0b9c.png","ib1ah7","ib1ay7"
"media/images/6d1966f29588cf0f40d4.png","media/images/a9394ace0b9fab89ecd7.png","g92x","gt2x"
"media/images/2afb8e27606a3f74739b.png","media/images/689a1a6b60d7a70811b3.png","0x8lv","0x8rv"
"media/images/1e297ceafb9b532c4c89.png","media/images/abd8ff5114727a8e4b36.png","fndu","fndo"
"media/images/0e466fa747664f0723ed.png","media/images/d6ec4ac2228485df3c52.png","z1qt","z1nt"
"media/images/da58e8e08f73365fbd21.png","media/images/5889c5c300c626d98fd3.png","qz970","qz920"
"media/images/5705074d5c8111947f0d.png","media/images/e9fb71a4117a2642f700.png","omlfqx","omufqx"
"media/images/c8c8105b5a5ba54b6ee9.png","media/images/598ff5c2e462a13622f9.png","egak","egakt"
"media/images/cc53c21baf3e502ee55d.png","media/images/c3d77eada4b835525b44.png","9uz7ro","9qz7ro"
"media/images/a466eaf5aee47f5cb457.png","media/images/5ec324878acd8f584c92.png","3bpu","3bipu"
"media/images/054e22190b5f7b6fc8ac.png","media/images/76e4acaf589b748d16fb.png","y75h","y25h"
"media/images/b788dd2908033f150579.png","media/images/9b866e74d92ef8ccedcc.png","s8vyz","3cvyz"
"media/images/bb0a115102c83f6ad769.png","media/images/6ba64cc74d674423b72b.png","l1ml","i1mi"
"media/images/3ccc824ef9d752dea5d0.png","media/images/49d459649ef99f534805.png","dhjsj","8hjsj"
"media/images/e4dee6e492e32002cbaf.png","media/images/5a51f0bbbf7038c294a4.png","q145","qn45"
"media/images/34966fec6aa06705cf46.png","media/images/5ae40ffa51ee772f3948.png","gjymxg","gjydxg"
"media/images/eb4f8c2b7c832e26c344.png","media/images/e8fc882262f289e853c8.png","1eh9s","1eh99s"
"media/images/5931a263f66d413e0f8b.png","media/images/6a1430213860275d68d0.png","xngy8","zngy8"
"media/images/03583b7c63fa1c37d979.png","media/images/8b0bb683d5aec795abd0.png","jwdx","jrxx"
"media/images/a918ba7759974840b965.png","media/images/10c89f3bda860f82d524.png","iv6l","iv6m"
"media/images/b7289e01490705ae4436.png","media/images/c58e4fbe0303d47cfa36.png","4zxcr","4zx1r"
"media/images/1888176b7b34797671c0.png","media/images/6b42000dc0f5c400198c.png","qi9n6","q19n6"
"media/images/bebc0eeee40e2ef9ff2c.png","media/images/21e08ce593e8fa9994db.png","2ngo1y","5nyo1y"
"media/images/43b061f43a63639ffdb0.png","media/images/5194efaa8df0aa965e9e.png","tjed","tjej"
"media/images/df603f4aa906b0ee1fb3.png","media/images/9537d3feec2d1946259a.png","dwzvo","dwz4o"
"media/images/41a514bbc0cd88f13110.png","media/images/82d918845e2c8fda684f.png","wllox","hllox"
"media/images/3ef5a2bcf0e3b585c7a4.png","media/images/635d8461cd9d7183aa26.png","hs00","he0q"
"media/images/38765c6dfa8d6dad2741.png","media/images/d6f4321d12a2c24cbde0.png","0c0e","0c0es"
"media/images/72efd16c0f871b2b14c7.png","media/images/cfe354103e1220f2d843.png","l9onh","19onh"
"media/images/778d99c966bfc545fbc6.png","media/images/b594634499c1d2cf83fe.png","smem8","cmem8"
"media/images/4e2362fa720f9d7a41f3.png","media/images/a8837a9e7c64558d4879.png","x8xpdt","x8xp6t"
"media/images/102a47b5bd8fa6668545.png","media/images/27e4d98124acf2ee43d0.png","v9fk","y9fk"
"media/images/5222360edbf4fc4cac59.png","media/images/2d5a9d4ecbf55e2915ef.png","ay9kg7","ny9kg7"
"media/images/4de59b23aa4c7014c8ed.png","media/images/ddc892a80b5a60aa8669.png","pqus","pq0s"
"media/images/0f5dd10a130ebd888724.png","media/images/95c103c565d205158693.png","nauks","n8uks"
"media/images/257b66ab97f7dd3df12f.png","media/images/1395bade630e40fb76ed.png","fgqnb","fggnb"
"media/images/a88ac5ed603fc038014a.png","media/images/50d86c631b0902beca47.png","70oa0","70oau"
"media/images/930cb1ef30235e7e5b30.png","media/images/d2bc4cfec5b7d45ade0f.png","hhynp6","huypp6"
"media/images/1ed60a860a647ccbe796.png","media/images/c81b250c686a626e128f.png","uf8zo","u18zo"
"media/images/0284eb153495eaf12121.png","media/images/fc15c1996391296af9fb.png","6rukll","6rukl"
"media/images/de7d3dec01964c37b102.png","media/images/bde861a89a4c8b7d3399.png","fyft3","fyfb3"
"media/images/c2c0f580690f775c8ea7.png","media/images/beba247d4d0ebe0b20fb.png","ea96ys","6a96ys"
"media/images/cf92c63005c79eaba110.png","media/images/08ac635bc6b2eaedd3a7.png","tygu","tyg6"
"media/images/4debb915e198d189a6cc.png","media/images/142c888b9930271c0ec5.png","dsndn","dsnen"
"media/images/45405d60fdad29453d61.png","media/images/f85e3ca6a19a2193de60.png","2dat","2datt"
"media/images/a7d56b7b452662307893.png","media/images/5ee1ae8f9e86f9db7af1.png","t8mzp","t6mzp"
"media/images/00c0b75b85ff4457f9ab.png","media/images/249df734cd851d6d5722.png","y0c1k","y0c4k"
"media/images/f121136a962072c6521c.png","media/images/f6aec8ccb2341383683c.png","kjuvc2","5juvc2"
"media/images/dc0ed38a1859e3291292.png","media/images/60f61734c79b1a39e566.png","phxw","pnxv"
"media/images/5ef53b886dcb13421f47.png","media/images/785948b586e962e16033.png","47n1fh","4mn1fh"
"media/images/26c0601d309a6e5272d5.png","media/images/94bfa384725f30dba314.png","lj3eg","lj03eg"
"media/images/0c06f82c152acd099dde.png","media/images/dc570d9cecf11d72d25b.png","padilb","padijb"
"media/images/368811b949556aceb5fd.png","media/images/1cb602ef22f5aee8b480.png","ajqls9","awqls9"
"media/images/74ec910b8f58560dffd0.png","media/images/eb6552189a1b12f59e3e.png","7zufb","7zufo"
"media/images/907053724cf790d4af7e.png","media/images/6c251c33efa04928d2d8.png","9pg13","9pg12"
"media/images/14167ea28db65d50bc25.png","media/images/26b81631061abf000824.png","v564","vs64"
"media/images/9aca3620db15b4fccdc2.png","media/images/4bba7c8f79d85944f497.png","df3j7g","df3jxg"
"media/images/8ef46f217b99ace4f1bd.png","media/images/2b5d4b5d80903c5e59a7.png","2ylbrg","2ytbrg"
"media/images/ce58cb487b8eda1d6854.png","media/images/f752cdeb05135fe7f9b8.png","db8s","db8si"
"media/images/a0374052998d2415d50b.png","media/images/a6093d4fd45ac84c74bf.png","f6ae","f6ke"
"media/images/49455b1d9ce32b759697.png","media/images/dbd59ab8960b85f822db.png","kxqql7","kxqqi7"
"media/images/48ddf6ad3354de06c5e2.png","media/images/4e6b0332a30da9038d46.png","5ym7cy","5yr7cy"
"media/images/507bee338b694d9dc6a5.png","media/images/2421525a097950dacad8.png","qq01ao","5q01ao"
"media/images/11277e6c343e2c18ab91.png","media/images/a0f4fd04ddd78cdec6b7.png","gnnm","gnnh"
"media/images/3ae48da565cd0b153a2f.png","media/images/e5621b954b826a03bbeb.png","i27yir","i2cyir"
"media/images/c386194424722d1e766a.png","media/images/0999a466987dcfdba1cf.png","w9e4y","o9e4y"
"media/images/cac605ce1ee27fd8dd5e.png","media/images/44580b76e5ad0d8747a9.png","ny2cc4","nt2cc4"
"media/images/e9288ee183b9922a7e75.png","media/images/aac06029202faa2ab8f3.png","snll1q","snli1q"
"media/images/422b8a1578ae71644e57.png","media/images/072ada08a661846fb91e.png","hsrhz","herhz"
"media/images/e3df710fc96a3894602a.png","media/images/fe19ed262b2c9bea8e3c.png","0kqvn","ukqvn"
"media/images/196fb230f0243123b2f7.png","media/images/98f58248866fc7c3d130.png","8qjgc","8qjgr"
"media/images/d0a769b51c8086991870.png","media/images/22b807daae398606944e.png","dzhuan","dqhuan"
"media/images/7113040156ca930c2fdd.png","media/images/327ceb5503a2a6fb86b6.png","i3i0y","i310y"
"media/images/a27a8756d7fa55ed8766.png","media/images/ea73b64dfb8838ac239e.png","l7yzl","l1yzl"
"media/images/ce21a36e497fcd7697a8.png","media/images/6ccb89c2120f9810f746.png","2ic6em","21c6em"
"media/images/d9721ef95ca71bf0043a.png","media/images/c43e5daab03bbd1854a2.png","6qe22e","69e22e"
"media/images/8531a5cf9344b6cc9b3e.png","media/images/cbc483d10cffb70b4f98.png","jy8y","jy87"
"media/images/2de74f65f077a5241263.png","media/images/27126ca05aefb03c2b88.png","ocsz","ocszn"
"media/images/669bb6211546b0d56ed0.png","media/images/5254c9a7e7e47327040d.png","bzof","bz1f"
"media/images/82657f7bdf03790d0d80.png","media/images/ea91006cda9cca7c1be9.png","0kdymd","pkdymd"
"media/images/d31e1b7820141d4c761e.png","media/images/6306627dfd7177084035.png","2rl1","2rl1f"
"media/images/140445016b20cc29b06f.png","media/images/eefd45aedf8a85dd6f10.png","31p2o","31p2p"
"media/images/d0cbcc9b207e402e1557.png","media/images/617583aee00d1cde86e8.png","pe","pezi"
"media/images/6978cbfc35d60a1e5956.png","media/images/4b3205656e1d6e10b986.png","ed34","ep34"
"media/images/8bcb47a23d5ca6ff1dd9.png","media/images/df4645e79d7c15993429.png","jqm983","jtm983"
"media/images/68da34277225970318b8.png","media/images/2923df876ed0a1049dfd.png","z8zw","z8rw"
"media/images/82c8ac71b00861bca340.png","media/images/debebf40ac059c94a3bd.png","vedz89","redz89"
"media/images/0e62bfd74e618b70f848.png","media/images/ca06c1dea6b9a2ae984c.png","ahimm","awimm"
"media/images/f010445c252b76146f4a.png","media/images/33af3310a121384bc2b1.png","r4yyap","rgyyap"
"media/images/77260defee07438a9690.png","media/images/e6968d642834c0828c60.png","ewaj","e8cj"
"media/images/bcee85315dcfcf4306ed.png","media/images/e4e132c2ccdb26f9678a.png","aw2d8","aw2d81"
"media/images/ac61807b79dcfe72058e.png","media/images/3421beab8661f5c94635.png","jivrt","jfvrt"
"media/images/e0c77758861cabea5768.png","media/images/0baae9c7b477665400f4.png","d6st","96st"
"media/images/6652313c95023105c64d.png","media/images/19328efd896a824225ac.png","ac4g1c","rc4g1c"
"media/images/048b73e5d09f54efff96.png","media/images/c0d776e933d1b9fcba1d.png","eema7","e1ma7"
"media/images/1e9a868a29493fe0733e.png","media/images/ae1addba938ff53e013b.png","nxdd4","nxd14"
"media/images/a8cea628d736c1fd1e5e.png","media/images/530a3079ccd5bde7f147.png","u0ni4a","01xi4a"
"media/images/606d574e4732fdfcbb4e.png","media/images/56bbb8abc0aa10f367ed.png","9khlnz","9kylnz"
"media/images/0d5e0004d99ede7fc3a6.png","media/images/f7596fe61e536aaa250f.png","8jpb7","8jpb3"
"media/images/5db87a2e1ade55e9c556.png","media/images/96389bf71c9ef9dcc343.png","xk374y","xk374l"
"media/images/66ad22101d516611b6e4.png","media/images/fb23fd33882b2bdb5a3a.png","ruvj","rvuvj"
"media/images/660ddbda806f9bea18ae.png","media/images/6d4b6f69813d6f7523ee.png","5c4y6o","5cfy6o"
"media/images/0df2a33167948fb555f3.png","media/images/cdee482726c0c1500b1a.png","x60i","x60r"
"media/images/7d9804dfd2c2e1a8e6ec.png","media/images/c095eca543c3f2e7256d.png","i7qt","i7gt"
"media/images/b73ae212efe79d66ee98.png","media/images/01d4fd0296df5a3153e9.png","7sith","7sithf"
"media/images/4b8d1f25b99271b3e755.png","media/images/ad38e5a2a25af384e598.png","jcqd","jzqd"
"media/images/d158a6740af0aaf36386.png","media/images/349641f6ad015bb15ee4.png","t7i3q","t7i39"
"media/images/d487716fc3fc6d3f5cca.png","media/images/df34e78850f55340b6b5.png","6bvqk","8hvqk"
"media/images/e07e2b3159c642f9fa89.png","media/images/66e071ea86e12d090e21.png","qan4ak","qan4dk"
"media/images/4fa0842809774daf6ed6.png","media/images/e918a036a29d46b60d1f.png","ovdd","av4l"
"media/images/ec16899c7222f6b489d9.png","media/images/aa3c549dcda1ccec7082.png","l5zrf","ll5zrf"
"media/images/3dd75e40c3bec0415463.png","media/images/36354c2169bde9934423.png","wgth2","wg2h2"
"media/images/07a8c5fe631407036ea4.png","media/images/984b78d9010bc4a40143.png","080w","080h"
"media/images/9f7896380533e7181bc6.png","media/images/60724da13cfd798ff02c.png","bu0r","bu0rk"
"media/images/9ff6ae7197da1abc518c.png","media/images/104013d94664f92af5cc.png","an90","an9d"
"media/images/609e5ea1f4be0f2e8c44.png","media/images/11aa23fd37096fa12ef9.png","j7l8m","j7l8ma"
"media/images/51e1babbb0f7e6dd4d26.png","media/images/1bd775802abfcc26d86c.png","mwk0d","mk0d"
"media/images/bf602496d19b7a7c6d64.png","media/images/8ef1ea61cfbfbec9836d.png","p7rvd","p7rivd"
"media/images/9efb3b3021eef7a9657e.png","media/images/64f26cfa4755036306f5.png","f0d6fb","i0d6fb"
"media/images/da46f33725fd199d6850.png","media/images/bf6237f283b86ab173f6.png","uljk","uljr"
"media/images/d309bc0ea371c33bda96.png","media/images/7581af51024ab30c8009.png","wak2w","a8k2w"
"media/images/e24fc57254597f9f68ea.png","media/images/05d299ad0ba0b1c0f0c0.png","t4uld","t4ujdq"
"media/images/7ce9c1037d63bdbd2fff.png","media/images/559a2fad186856252fcf.png","ml1h","mi1hl"
"media/images/ca15ca9f24640739afdc.png","media/images/438987c2ce60da1ffd60.png","ggw51a","ggv51a"
"media/images/61ae98db235bc7766a3a.png","media/images/8f9db94c3f143be6579d.png","7bu84","sbj84"
"media/images/ac82b354e80d348ce51e.png","media/images/d53fc64505e76473c0bd.png","m2lxz","m2jxz"
"media/images/938ae3ab1d899ee95274.png","media/images/9a5b80b653ea1b2fd568.png","nfnif5","nf9if5"
"media/images/e730529a56029892ff20.png","media/images/e8045ce6ee0d5c55de32.png","durlu","qhrlu"
"media/images/21b6b7ac403a81464466.png","media/images/63d01e806d9465b4a287.png","8ob9s0","8cb940"
"media/images/49b457479526aeb3e327.png","media/images/adc870f93a289f6d8ee9.png","1c2679","vc2679"
"media/images/4197488bfb64224c94d8.png","media/images/00278d32da95de268c7f.png","z33h","z333h"
"media/images/ba09d1e4bf000780728b.png","media/images/e35d7fe2a1cb59015b43.png","a8dgth","a8dgtn"
"media/images/432ec1c457994fb924cb.png","media/images/efa7ac4fbab821a282d6.png","p1czwp","p1cznp"
"media/images/f304f331d61c6b91a504.png","media/images/51c7a6caa5ea83944661.png","u6ya","q6ya"
"media/images/e246b2a081dbf999dce7.png","media/images/b4b7b395b5e92075b372.png","jo64","je64"
"media/images/ad391269ee7129f227b9.png","media/images/fd6e4e8eef3f5d8fbe7d.png","i4m4jf","i4m4jt"
"media/images/3985bd35b5c694e96cb3.png","media/images/b5c9057adf6e1e0b06e9.png","ieu1mx","ieuznx"
"media/images/1e971b5e8b3238978d89.png","media/images/7f32e18b3252066afb45.png","wlh7","w1h7"
"media/images/f25dac374d47730e5e49.png","media/images/e5780ccadd62af143f55.png","22e","2xev"
"media/images/b29a52dc8da3546a2e07.png","media/images/7876a886d5fee263ed15.png","9wus2","2wus2"
"media/images/f940e56fce1bc11f7bff.png","media/images/4844238ac90fff461dac.png","sfusbn","sfhsbn"
"media/images/7a3db77b3fac55df201b.png","media/images/a85b9ed5b6bebacf3cec.png","diic9","dii59"
"media/images/b8a2025a8617f830e8dc.png","media/images/05559519f2af134af43c.png","t7z9","47z9"
"media/images/1bbfa9a2c96102aaf4ce.png","media/images/d30d744ea9334b40bc62.png","rdc23","rdc22"
"media/images/77e55e2643181e61f9b1.png","media/images/1084b6c9c92cea6716d7.png","12e9n","12s9n"
"media/images/a28fdd06fcaadc6ad943.png","media/images/6241013bddde95a425bf.png","4bl8","4bf8"
"media/images/c218dcba9f906579e3fd.png","media/images/193f14ffcf8d6918447c.png","o1rhs","u1rhs"
"media/images/d3893e7fe6958e252b04.png","media/images/2ec96fe625a5325e620a.png","4iev","4iey"
"media/images/9033a2520fa99f0888a4.png","media/images/4aa25cb9231769d04051.png","u4wp","u4ap"
"media/images/554689041d631bb9058a.png","media/images/a5f065e71a4153bb6e20.png","iirp","ii6rp"
"media/images/8bbc9bf9ddefb033f5ae.png","media/images/956369adbb8a6a33db2a.png","tbwi","tbwic"
"media/images/76392922fbb9a2e8b446.png","media/images/fe6045377fc56f182a4c.png","oqpq","oqipq"
"media/images/174f48f08f5f2eaba94e.png","media/images/0bc08d0eeb444db016c1.png","xa58l","xa58"
"media/images/04bf79f37dcf1ed0a686.png","media/images/2fe656a24242599595db.png","2uw6zf","2bw6zf"
"media/images/6b636eb920603d12d50f.png","media/images/b9a79b6f7512facc83f2.png","69u1","69us"
"media/images/e95a3d5120ad53b988f1.png","media/images/a5a3a91ca7f854c7d62b.png","hnuffw","hguffw"
"media/images/bfbf1dc317a7c7be9404.png","media/images/9878a23dcf02a98d7f09.png","5rpxml","5rpyml"
"media/images/f322ccb0477e4bfadb2d.png","media/images/e0dcacc20f4e42ca1b62.png","m5hj","m5hjj"
"media/images/4678a2fa0c9669076851.png","media/images/9fc98e645f2100fabdef.png","p63j","pc3j"
"media/images/63c3cdad5ff148283c62.png","media/images/1f3cb440fdf447497721.png","lmn9","lmq9"
"media/images/e928497d0c268a36d828.png","media/images/b0eb1318ca20510a242c.png","z7bh1","z7bm1"
"media/images/5da92a7790bdc007fcdb.png","media/images/56211c7844195b7521f1.png","fv4smg","fa4smg"
"media/images/f7c43a9eede1202b1f73.png","media/images/abc7f5c8b8427e90d99f.png","8i3ry","oi3ry"
"media/images/4358d91449c481ca9da8.png","media/images/42cd97b839207d60978d.png","oape","oase"
"media/images/cc13e8ecd0dce27e2bde.png","media/images/f35e26fdb260c2acda1d.png","zm9y","zm9yy"
"media/images/36428c57bff3b4b04fac.png","media/images/928b6a2fab98596b69ba.png","amew","amsw"
"media/images/ff43b5854fdd3d6ea6f3.png","media/images/a8dbbd9a0e52ce8c80f5.png","5sys","5ays"
"media/images/1d7845983de75856e4d0.png","media/images/a2a8a1f048fedcb4f09b.png","oq13","oq15"
"media/images/6d511e5c28a1c707b284.png","media/images/438bec6b7aebe392f3c5.png","sr457l","sr457i"
"media/images/7a743ae509a0156e347e.png","media/images/6d15ed9603933c93e38b.png","ye9skj","ve9skj"
"media/images/851ba1c27473323ffcea.png","media/images/728416eda87d3da1d811.png","hgb2r0","hgb2f0"
"media/images/e368db2333ceb1b9af08.png","media/images/63093520288ecdc340c1.png","f6fj6","f6rj6"
"media/images/7726658fdb2e64011924.png","media/images/c4feedf8c9e6fdaf73e6.png","1pk8","zpk8"
"media/images/152a8a58b0d363bfc5d6.png","media/images/aebf43adecd6c0d3a99a.png","qlaw","qlau"
"media/images/106336a97bec564c9b9d.png","media/images/3e8a9d2f8b3601734144.png","7ldo","7ido"
"media/images/d08716265b04f8eb1acb.png","media/images/d32a181d19b12691a0bd.png","0qcdl","0qcdj"
"media/images/40d798c679a9599f8e1a.png","media/images/3f693e584873b7cc818d.png","800g4u","800g40"
"media/images/c0f150bb29a52ce0a007.png","media/images/fac4311382f64336de3d.png","kn2u","enqx"
"media/images/be7e1dc404ef12edaf42.png","media/images/4b3fbeab2c87ab126304.png","21g9","21gp"
"media/images/b9111d86705f93930aea.png","media/images/50114b4861edaccea4d1.png","pnid","pnkd"
"media/images/78a24998a93941dc2a68.png","media/images/e938863becb106fb32eb.png","71uzp","71uzph"
"media/images/e56c832f9fed93c12606.png","media/images/44772126113dcfa45700.png","jr8v0","jf8v0"
"media/images/e0258ef550756203b932.png","media/images/3216568cdd85993c9594.png","x5cw","65cw"
"media/images/a5e3faf878e2e8056f48.png","media/images/3d1a87ec9b4ea13dbd00.png","mde5l","mde5"
"media/images/bb700bfade3132740c59.png","media/images/39598d608ed0293412ab.png","ehrl9","ehri9"
"media/images/936308b9af764c9f6210.png","media/images/81f3951f8aa4b65d0ead.png","95llh","95qlh"
"media/images/3f398fe9a84f4492921f.png","media/images/edd6b15ad4091c3d1b0a.png","v0pn","x0pn"
"media/images/4990b7c31a2b59794110.png","media/images/f76a5999439f1fc685c5.png","bzpk","bzpy"
"media/images/1ae15fe679cd697e4485.png","media/images/1f15d9ad3180ad8d0548.png","v8uy","v8by"
"media/images/8f4c709a6d362110b8b8.png","media/images/20e5a80dad12a10a9d92.png","k1w5fe","k1u5fe"
"media/images/300be20a74da25457069.png","media/images/294895153a91cdba18d0.png","cly85m","cry85m"
"media/images/093691145a0d0c7b0f8c.png","media/images/4dcf484af76ed469a903.png","z738t","z238t"
"media/images/1fdf767cbc48cdf2129a.png","media/images/60a531e1e26a2c0b5431.png","rqahz5","r4amv5"
"media/images/060dd52149a417c08315.png","media/images/abab50d7e42852597d95.png","qi4","qi43"
"media/images/6901672db6ec85000e3a.png","media/images/e1fb132680849fb26fcb.png","44av","4qlg"
"media/images/24f4b0733e8c84214bfb.png","media/images/50b28f63dc85b92fdd8d.png","r70gn","r70g0"
"media/images/f127a157f7cbb81f2e02.png","media/images/91fbf101c23305032d69.png","fu4b","iu4b"
"media/images/7c81569b3b07eb39ace8.png","media/images/48eca3cbe85b754de80f.png","qfmfd","qtmrfd"
"media/images/7992d8a7aa976549ebca.png","media/images/43d91731fdc1ee1f3e6f.png","yman","ymbn"
"media/images/8e458758ecb78a12d95c.png","media/images/7b1df8203f9182f77f3c.png","2t2oq","wt2oq"
"media/images/d60a9a9cf9f445db24c3.png","media/images/be63561ffa6e900b9429.png","0aqhd","0aqbd"
"media/images/60df96aa70824e2d2c52.png","media/images/036e9192cc0556240653.png","e644","ez44"
"media/images/27b89962cdc91a70b4ab.png","media/images/f6b0bbbf622330ba8953.png","ylzv7","yizv7"
"media/images/a73cc4f5794f3bb28d49.png","media/images/71a357c84a2ebdcc48e9.png","2ghi","9ghi"
"media/images/b1c91cb1eaa765e34aac.png","media/images/a4b144d6780fc5055b6f.png","g946fe","g9z6fe"
"media/images/6c9e0ad4d8db12db775f.png","media/images/130c9aac269cc79a4088.png","55th9","5bth9"
"media/images/600a41a500d2ac8cb858.png","media/images/c442bb2fafcf39825a75.png","vc8l","vc8iz"
"media/images/8b91fb3b89db2ddaaf4f.png","media/images/b7d8381dcb10b5d381d7.png","iwqm","jwqm"
"media/images/05accc9b94df42180a8a.png","media/images/a2316da2819469832446.png","vg52x","ng52x"
"media/images/e18fb2fcbf5ee905386e.png","media/images/bc448a11eea98890c765.png","ss8qxq","ss8qx8"
"media/images/1a6fa96dfd165678add7.png","media/images/c9d626e363063346446b.png","qxbhlp","oxbhio"
"media/images/0ad32c922cbf0a6b83ee.png","media/images/163c2f95122ce6d5601f.png","nlxx","nlax"
"media/images/0109410524d5550b1dce.png","media/images/d27188abc1796e3d4961.png","tajx1k","tavx1k"
"media/images/88a205f56c2dedcb0782.png","media/images/5aec5bdc92b435c95f82.png","ycrwu","ycrvu"
"media/images/30c318cdf9077f72611b.png","media/images/9ea4a5c3b3944d827e14.png","qrqidl","qrqjdl"
"media/images/1e35d3458dd870cab84a.png","media/images/769313587ccccddfd3c4.png","rgxdi1","rgzdi1"
"media/images/a20884902750a365c210.png","media/images/5ce57c9e7ede90bcc790.png","tmdl","tmdu"
"media/images/5e09929f68c25bd5b06c.png","media/images/effd7f0c6cbbfa1857a1.png","1l889","i1889"
"media/images/d85fc41fef01cb49d04c.png","media/images/a8f7ecc472f133352f85.png","rmid2b","rmid2h"
"media/images/1904e6679e9ee20f6fb5.png","media/images/5893b611c88ad9cb3b12.png","rewutj","reeutj"
"media/images/55f453f03518c0ae31ee.png","media/images/8baa7d3936f59626aeac.png","ejaj1o","ejajbo"
"media/images/79748a9145030618faa0.png","media/images/5c21bacc5841d050c4ba.png","5y7u","5p7pu"
"media/images/d9b714307010901c6b23.png","media/images/025cb79f2f38a2dc143c.png","5zhpoh","5zhpxh"
"media/images/127055287d2597d453bb.png","media/images/95f8db823e35543d483a.png","4jls","4jlsb"
"media/images/bc85a6944141d1f61a2a.png","media/images/fba993e02f938899fccf.png","w5iet","w57et"
"media/images/8cb7869ba97af6ebcd8f.png","media/images/667748b7cdf0cfaf5654.png","3cqua","3cquaj"
"media/images/b80b1a8d601ad75a56c6.png","media/images/c7f87be322580fa10bec.png","5zn4","5zr4"
"media/images/d410876650d4ed8cac2b.png","media/images/f7e432f53cc10e183097.png","z0cl","z0ci"
"media/images/e5551e038dc7983fb457.png","media/images/20d1d7ec44e12f051ea7.png","ywir6n","yeir6n"
"media/images/8ab622226dbc9f30183e.png","media/images/65f5847dc94263c4a12c.png","dxgl0","dxgy0"
"media/images/de76a51b6faf96413e39.png","media/images/8d2a8f3fd9fc25ca19d1.png","4kuw","4kuu"
"media/images/9bf0735c94e25f731021.png","media/images/e59207be2128ff0c091d.png","la8tta","ia8tta"
"media/images/90042673da4d074e4667.png","media/images/e46f2717a130d63c3539.png","596y6","5i96y6"
"media/images/af7189fc2657aed182c4.png","media/images/d543e196b515ed4b104c.png","m7m9v","72m9v"
"media/images/f015c85e3d571f07df55.png","media/images/0bed8d9a85546bac677d.png","u6hl","a6hl"
"media/images/dfe5b596e7eaaf50d1b5.png","media/images/f9eb258d984bca454907.png","9va3c","9va3cz"
"media/images/9e5872f3e71cdcf6c122.png","media/images/783f9fa043672ee332bf.png","d5uwi","d5dwi"
"media/images/4364fcee2e5529c89f80.png","media/images/803c0d8c5ebe0cbb560c.png","xetz","xdtz"
"media/images/0fcd8e4c9aa6b96286bf.png","media/images/db19fb1f6014134add8a.png","dirl8","dirj8"
"media/images/0fc3fce2145923a3e046.png","media/images/994a95907a892b665f5d.png","plcw","p6cw"
"media/images/1cdb464421ee2a72d05d.png","media/images/a0819d3a2e58eccde3cc.png","k0e64","k0k64"
"media/images/3f63e4a85451aef87ca0.png","media/images/dc8403b8c4167145c9e7.png","nqadb","6sadb"
"media/images/6fd2619f39037dafd8a5.png","media/images/2f48ec004bd2ad4674eb.png","yaf0","yaf0k"
"media/images/9479cb82036d9a5b2b8d.png","media/images/93107afd1702bfe75df4.png","7s0fs","7sufs"
"media/images/78692074fab9754e8958.png","media/images/0562e5daa75814ea48e3.png","oczx","9czx"
"media/images/9901f5dbdbb6b12ff3eb.png","media/images/892538967bed79062b4e.png","ef73","ef75"
"media/images/23c461a792643e322a0e.png","media/images/fecb0068e7a686d26312.png","a384","o384"
"media/images/9a6cdc3903acb01cbddf.png","media/images/1ead80dd1e4db9335665.png","q277","0277"
"media/images/089490319ac769bd7a19.png","media/images/93b2aff5b7d9bc1baa65.png","zma5","zmb5"
"media/images/c7b925ee3954a409c9ad.png","media/images/5a9b232c5ad5edca8c21.png","y706","yk06"
"media/images/5ae9cde5c995221efe46.png","media/images/af4cd71124810ea4dcf6.png","8pepl","8pepv"
"media/images/509126f19563c98da3e5.png","media/images/1f2b271c3b037f10f4b1.png","n2ek2","n2ez2u"
"media/images/14f1c5cddfda6eb65f88.png","media/images/7567cbc66fe69b454ed1.png","gh7uqm","gh7oqm"
"media/images/77884da353b16f81188c.png","media/images/847b894de6233ef105c7.png","mnb4nt","mpb4nt"
"media/images/4c7962e541144c188a9d.png","media/images/0684ba7cdb2459fa5d90.png","eujqj","ejqj"
"media/images/a516672805bc5b0542dd.png","media/images/a0e06d27d0007e5cb55e.png","cddhrl","cddhri"
"media/images/edb5d51e043da7e69632.png","media/images/ed50a4b53be1478e1298.png","1knm","1vxm"
"media/images/8048cf7eaca9e0613d57.png","media/images/2c0b6afd1fa346aec8b8.png","ft2vv","fc2vv"
"media/images/69180b7983f858b38a23.png","media/images/7e6ce13f36df64276584.png","h6l8","h6j8"
"media/images/5833bae986d5ec8131db.png","media/images/f8c4dc3eaad7de3071b4.png","nbgd","nb9d"
"media/images/ad671ee001ed40a7058a.png","media/images/4fb03886ed8409e4996d.png","34fgm2","34f0m2"
"media/images/36de6d6f4a1364b7c50c.png","media/images/46e9ce7fcd0b72e0ee64.png","m61218","m6j218"
"media/images/5993dabfd8587ce9b5ca.png","media/images/3139cb924195a48db0cc.png","gei3c","geinc"
"media/images/98a1386c31f9d4384eeb.png","media/images/5bb6de1d65a3f8cd9df8.png","5midn","5mitdn"
"media/images/1c88fafc77e5238f9043.png","media/images/9c43f627748f225f4db6.png","a2evu","a7evu"
"media/images/f74ff6dfeadc2f99554f.png","media/images/1e284bbe5dd160cbee13.png","eny5c","any5c"
"media/images/98f97c12b93c62f7b93a.png","media/images/96216a51b61cd4b2a4e9.png","g0yhle","g0yhre"
"media/images/3ba2a2b6dbda657b52e9.png","media/images/382ed44b2a816db8ee83.png","21kfy","21hfy"
"media/images/5037a0294a2d48411a18.png","media/images/2b08cab304bffb17b5a7.png","tc7r9","tc7r9f"
"media/images/f6193ee796be5fb71461.png","media/images/acd48e3ed4290ad5093e.png","px61b","px62b"
"media/images/0c2c1a6259133a2a4522.png","media/images/e94cba84eb3a3169b112.png","7h8vdd","7h88dd"
"media/images/1b49f871d842458243e7.png","media/images/a390c47ea07eaafedb65.png","wscvof","ws6vof"
"media/images/1294cead0ee7fa7bbfe0.png","media/images/af94db655f2d4c4e3aa5.png","4ahpen","4lhpen"
"media/images/cffb514b8a8d3e4bf701.png","media/images/5e554080af9f13e6b6e7.png","ozqf7l","ozff7l"
"media/images/7ebb8edc232bcc3d9610.png","media/images/d25e4e0eb605cb64e7fd.png","cl3nb","cf3nb"
"media/images/423055df35e9bc8ecdda.png","media/images/ad47badfc7a4e4d897cb.png","sb51lu","6b51lu"
"media/images/e5ff9d8fbe6084e2b57c.png","media/images/60e25737e162a4969c2e.png","35cc7q","35cc7g"
"media/images/2655f81eba3a8a2e33ac.png","media/images/fd05d7c5d3e223f26e0d.png","2deytq","28cytq"
"media/images/112fcc51638d2c05a574.png","media/images/6898bb5c9876adb606d2.png","3dnro4","36nro4"
"media/images/1f4a276b60a83f1895dc.png","media/images/1b29679bac645603f952.png","289c47","239c47"
"media/images/ff5e5c0a776d6c03d1b4.png","media/images/acfe7ff367bb31dc6ee0.png","nwngtu","nwnptu"
"media/images/833a9c4cc570574bbb55.png","media/images/33d65c7640a7454203f3.png","le8l","lei8i"
"media/images/a50997f2d646faa34564.png","media/images/6ae73ea2c819dcbd2f80.png","qesl5","gesl5"
"media/images/b31835d00d3dc130cf04.png","media/images/37cf90133b54183996ac.png","8fty","8fuy"
"media/images/b4c8dfebf3a943ca9a73.png","media/images/811e967a02ed9f1ca61d.png","o98q82","o98q8z"
"media/images/2eb7a594db69dafd7721.png","media/images/ed6e784f4a7ab052b7b9.png","yajq","yaiq"
"media/images/859649f40a476314a27d.png","media/images/391f28d9d47289ef6c84.png","6l33","6lf3"
"media/images/fbdf6f83b9d3eeb891a3.png","media/images/16df8571a6ef7abb3ceb.png","5ju0l","5lu0l"
"media/images/b819bdb4731feaa05ea7.png","media/images/d43761f7fe62c2484181.png","gk0i2","gk0l2"
"media/images/493ac18979a212f15f9c.png","media/images/f0d5bcb9a6f2176facea.png","j6qf2b","jcbf2b"
"media/images/f378537d54901e23d627.png","media/images/6909873a36c1173621c6.png","1pup","1pgp"
"media/images/c7618adc1d97fb2f8fc4.png","media/images/1f7fa41184b94532920e.png","xx59","2x59"
"media/images/1d504d45635d4587834a.png","media/images/95330444cd27b4f5a7fe.png","pn6xz6","pr6xz6"
"media/images/bc82fab47d4c4c4c44c9.png","media/images/1b5c2350328e0edcbd85.png","5stf","55tfh"
"media/images/8e48d3bb93700793ca25.png","media/images/9374e852bde439e8d123.png","eemp3f","e9mp3f"
"media/images/88913541b6056748d2ca.png","media/images/20a8e144986ecdac6778.png","mneub","mneubn"
"media/images/3aba1ea49d96e54c6bdd.png","media/images/3a67753014ad520e4704.png","vgy","vlgy"
"media/images/52d4f0793ffbf9ac72a6.png","media/images/b47c0014aff4a569f4c9.png","cvjcl","cyfrl"
"media/images/96e23dd4a39eec9be304.png","media/images/dc9dd0804df49cf2e425.png","u9586z","d9566z"
"media/images/f58a6eb2ad280e3fbe93.png","media/images/d0d80bc025a7037810b1.png","03m9wf","03m9wi"
"media/images/cdf30e943c7c07150fd8.png","media/images/a44d3a0f8766eb1aa231.png","xka84i","xke84i"